news_pheme_101	fake	as n aircraft accident airbus a d a ipx pr ads haute bl one
news_politifact14811	fake	tennessee gop twitter taken down after tweet exposing pelosi involved in pedophilia
news_pheme_26	fake	live nation wants to apologize for any
news_E496	fake	trump build a fence around new mexico
news_pheme_68	fake	a frail brezhnev at may day parade
news_politifact14998	fake	singer dolly part on trump in one year is already better than years of bush obama put together this stupid liberals doing everything to impeach him but we standing with trump now and forever
news_pheme_280	fake	two surprise prince shows at massey hall cancelled report
news_politifact14750	fake	breaking roy moore's accuser worked for democratic leaders and is actively campaigning for moore's opponent activist mommy
news_politifact14756	fake	dnc's donna brazil e dedicated her book to patriot seth rich whose death made her fear for her own life
news_pheme_287	fake	ctv news ottawa
news_E424	fake	sarah palin native americans should go back to nat i
news_E222	fake	anonymous to reveal identities of ku klux klan members on st anniversary of ferguson protests
news_E367	fake	can you conker terrifying giant spiders with horse chestnuts
news_E425	fake	gay texas judge tonya parker won't perform marriages for straight couples
news_politifact14835	fake	facebook picks sides in alabama senate race shuts down gateway pundit and bre it bart reports on discredited all red accuser
news_politifact14644	fake	hrc caught on tape laughing about irma wiping out all of those florida hillbillies
news_E171	fake	this artist made soy sauce out of human hair
news_E324	fake	pope francis table cloth magic trick is fake
news_politifact15037	fake	russian source behind trump dossier killed in russian plane crash rosa tom cf o also dead conspiracy
news_pheme_160	fake	no prince concert live nation apologizes for incorrect information
news_E488	fake	illegal immigrant deported times charged in felony hit and run of family that injured children
news_E380	fake	casey anthony found dead at age
news_pheme_319	fake	banksy insta gram tribute to charlie he b do victims not posted by artist
news_E351	fake	sailor did not use raccoon to bypass breath al yz er
news_E269	fake	new details emerge about mom charged in killing her two month old baby
news_E490	fake	was amelia bass a no the real william shakespeare
news_E433	fake	black panther massacre on
news_pheme_335	fake	gunmen take hostages in standoffs with french police
news_politifact14884	fake	police discover meth lab in back room of alabama walmart
news_E609	fake	kale the super food you should be eating
news_E700	fake	rainbow registry
news_politifact14888	fake	trump vows to end winter heating assistance for elderly and disabled
news_E131	fake	anonymous claims to have uncovered is is plan to attack locations including a wwe event in atlanta
news_E331	fake	trump make america great again caps made in china
news_politifact15579	fake	us representatives agree to illicit un gun control plans
news_pheme_27	fake	are you a robot
news_pheme_273	fake	questions linger after fans wait hours for rumoured prince show
news_politifact14785	fake	southwest airlines
news_E82	fake	rond a rouse y fought five muggers off in los angeles
news_E418	fake	the halloween celebrated on october is the th in history
news_E33	fake	gl urge letter from a death row inmate
news_E212	fake	happy minimum wage labor day from mcdonalds
news_E555	fake	uk waterpark bans bikinis and orders visitors to wear islamic ally appropriate clothes
news_E55	fake	the caliph of is is the leader of al qaeda and arafat have scary thing in common obama's big secret
news_politifact14856	fake	chuck schumer s steamy affair with a high school cheerleader confirmed
news_politifact14596	fake	smoking gun san juan teamsters didn't show up for work to distribute relief supplies
news_E67	fake	congressman dhs employees on terrorist watchlist
news_pheme_264	fake	facebook
news_politifact14949	fake	mueller will be forced to resign over pelosi affair
news_pheme_142	fake	
news_pheme_116	fake	german wings a crash rescuers continue search amid reports plane's black box is damaged
news_E726	fake	german man cuts his belongings in half with power tools to give ex wife her share in divorce video
news_E384	fake	planned parenthood
news_E697	fake	marcus bachmann files for divorce fresh on heels of scotus ruling
news_politifact14737	fake	breaking supreme court issues its first bench warrant ever
news_E546	fake	margaret sanger said slavs latin and hebrew immigrants are human weeds in need of eradication
news_E249	fake	uber facts on twitter
news_pheme_269	fake	analyst air speed declined before france plane crash
news_E291	fake	cnn or c poll trump now competitive in general election
news_pheme_231	fake	prince a no show in t o
news_politifact15570	fake	iranian official drops bombshell obama secretly gave citizenship to iranians as part of nuke deal
news_pheme_88	fake	are you a robot
news_pheme_355	fake	
news_E464	fake	arnold schwarzenegger's last act as governor follows him
news_pheme_209	fake	live nation ontario on twitter
news_E535	fake	log in or sign up
news_politifact15564	fake	senate democrats demand supreme court nominee not be unduly influenced by u s constitution
news_E667	fake	is is sympathetic youth center to open doors in dearborn mi
news_E385	fake	scam mers targeting facebook users with dislike button scam
news_politifact15604	fake	nasa will pay you to stay in bed for days
news_pheme_147	fake	rumours of prince surprise toronto show quashed by live nation
news_E276	fake	london fire brigade issues h overboard safety warning on back to the future day
news_pheme_311	fake	no prince concert live nation apologizes for incorrect information
news_E663	fake	christian couple's plan to divorce if australia legalizes same sex marriage isn't going so well
news_politifact15004	fake	nfl lawyer who claimed super bowl is rigged found dead
news_pheme_50	fake	prince fans turned away from massey hall
news_pheme_64	fake	no prince concert live nation apologizes for incorrect information
news_E562	fake	alabama man caught having sex with pig in walmart bathroom
news_pheme_254	fake	morning weather webcast nov
news_pheme_379	fake	delivering kelowna's news first
news_E595	fake	outrage obama orders military to stop wearing uniforms at recruitment centers to hide from terrorists
news_pheme_387	fake	martin place siege separating fact from fiction
news_politifact15616	fake	british politician beaten by protestors for welcoming trump to the uk
news_politifact14605	fake	wife of las vegas massacre victim he saved my life and lost his
news_E423	fake	tattoos designs ta too shops and artists
news_pheme_367	fake	
news_pheme_384	fake	milan news ul time not iz ie live
news_E634	fake	activists prepare for gay marriage decision
news_pheme_137	fake	now on insta gram prince fans are lined up from massey hall to queen street to snag wristbands to his surprise shows
news_politifact13468	fake	denzel washington hit by facebook fake news story on trump
news_E329	fake	espn in advert ant ly cuts interview with clemson's coach s win ney when he thanks god
news_E543	fake	leaked tapes capture stacey dash saying fox hired her to attract horny old men
news_E60	fake	donald trump marco rubio disqualified cannot be president after refusing to undo obama executive amnesty immediately
news_E110	fake	the black roots of ex president dwight d eisenhower
news_pheme_107	fake	prince to perform a surprise show in toronto
news_E114	fake	no target is not giving you a off everything coupon for liking a page on facebook
news_E540	fake	hocus pocus happening s jp kathy na jimi y back bette
news_E57	fake	the hill on twitter
news_E259	fake	storm science patricia's ascent from tropical storm to record hurricane
news_E196	fake	friends reunion courteney cox age defying complexion the result of plastic surgery jennifer aniston thinks botox looks terrible on anyone
news_E650	fake	jay z and beyonce attempt to buy rights to confederate flag to prevent further use not the onion
news_E678	fake	q childs on insta gram actor gary dour dan csi before and after drugs s mh
news_politifact11773	fake	virginia republican wants schools to check children's genitals before using bathroom
news_politifact15108	fake	breaking trump removes muslim federal judge for trying to implement sharia law in america
news_pheme_42	fake	german airbus crashes in french alps with dead black box found
news_pheme_91	fake	sydney siege ends police storm cafe where man har on mon is held hostages
news_politifact14859	fake	alabama state police arrest poll workers in birmingham
news_politifact14777	fake	michigan muslims arrested in fed's largest bust in u s history
news_E710	fake	quartz daily brief asia edition yahoo's ali baba update confederate flag ban obama's trade win airplane snack rage
news_pheme_331	fake	
news_E454	fake	woman stabs boyfriend for not liking insta gram self ie fast enough
news_pheme_114	fake	vine
news_E190	fake	the miracle has happened today usa and
news_politifact15031	fake	food stamp enrollment drops by four million in one month
news_politifact14794	fake	singer tina turner this thanksgiving is the first time in years that i am thankful for our president god bless him and his supporters do you support to tina
news_E420	fake	michigan d nr might cancel deer hunting season in upper peninsula
news_E300	fake	are you eating chemical laden garlic from china
news_pheme_224	fake	german news report co pilot of german wings airbus was muslim convert hero of islamic
news_politifact14810	fake	breaking federal judge grants permission to subpoena trump
news_E389	fake	the no more tears shampoo now with no formaldehyde
news_E703	fake	peanut butter and jelly deemed racist
news_politifact14878	fake	julia roberts claims michelle obama isn't fit to clean mel ania's toilet
news_politifact15141	fake	breaking supreme court sides with trump this changes everything
news_politifact15048	fake	trump declares global is t so ros as national security threat using obama's executive order
news_E639	fake	is is ariana grande
news_E687	fake	kitchen makeover fail
news_politifact14722	fake	texas church shooter was anti fa member who vowed to start civil war
news_E64	fake	walmart viral story about sad cashier not true
news_E734	fake	beware of the game of your child might be involved in this game
news_E338	fake	year old virgin teen in texas falls pregnant after flu shot
news_E685	fake	citizens sign petition to ban the current american flag issue new design with rainbow and all seeing eye in tell i hub
news_E461	fake	home accident pressure cooker regulator lodges in the eye photos
news_politifact15562	fake	george h w bush has died at
news_E105	fake	a photograph captures a lb shrimp caught near homosassa florida
news_E610	fake	lead singer of the band tool found dead
news_E762	fake	fb n's charles payne obama will make a push for slave reparations
news_E653	fake	madonna vanity fair magazine green issue may for sale online
news_E620	fake	abandoned polish wedding chairs
news_E283	fake	youtube
news_E569	fake	banned ted talk nick hanauer rich people don't create jobs
news_E210	fake	oprah winfrey's m bet on weight watchers
news_E271	fake	fall hikes in upstate ny easy hiking trails to experience fall foliage
news_E702	fake	joni ernst repeal obama care and cut food stamps and force people to rely on the church for help
news_pheme_93	fake	german wings crash in french alps kills cockpit voice recorder is found
news_E184	fake	elderly woman arrested for making purses out of neighbors missing cats
news_pheme_255	fake	sydney caf siege victims identified as tori johnson katrina dawson
news_E676	fake	donald trump if black lives don't matter here go back to africa
news_E502	fake	sharia compliant illinois will now allow muslim head and face covering attire to be worn in official driver license photos
news_E456	fake	carson ties abortion to slavery at anti planned parenthood rally
news_politifact15129	fake	actress jennifer aniston me and all the trump supporter celebrities decide to make a company named celebrities for trump which fight against all anti trump celebrities i think president trump ne
news_pheme_256	fake	lucille clerc on twitter
news_politifact14564	fake	head of nfl fines steeler teammates million each
news_politifact15109	fake	michelle obama just received life shattering news from the doctor
news_E647	fake	sea horse
news_E731	fake	did a couple kill a dolphin by urinating on it
news_E568	fake	choosing a payday loan doesn't have to be hard
news_E615	fake	fried food on the out s in changes for navy chow halls
news_pheme_112	fake	this powerful cartoon about the charlie he b do attack is not by banksy
news_pheme_305	fake	flag being held by lind t chocolat cafe hostages is not an islamic state flag
news_pheme_30	fake	live updates hostages taken in france attacks
news_E631	fake	gay advocates hurl feces stained bible pages at christians for protesting teaching of homosexuality in german schools
news_E751	fake	life hack zombie banana
news_politifact15625	fake	puerto rico mayor facing fraud charges over millions in gov t funds
news_E358	fake	things for your new day mike huckabee rallies for kim davis pope francis shakes up the church again and s
news_E255	fake	jake from state farm found dead in apartment bedroom
news_pheme_393	fake	michael es sien on insta gram i'm very fit and very healthy no truth in the internet rumours that i have contracted ebola im well will be training as usual
news_E284	fake	mega million facebook million giveaway
news_E123	fake	syrian children killed after paris attacks
news_E630	fake	pope suggests mandatory sterilization of unwed
news_E581	fake	olive garden restaurants donate money to planned parenthood
news_E435	fake	did president obama pose next to a mile or marker
news_pheme_385	fake	under construction sun news network ca
news_E594	fake	what was fake on the internet this week mutant daisies nazi minions and demonic birthday cakes
news_pheme_250	fake	no surprise prince show live nation says
news_pheme_237	fake	no prince concert live nation apologizes for incorrect information
news_pheme_19	fake	german airbus crashes in french alps with dead black box found
news_E301	fake	ben carson is the most brainless brain surgeon in america says piers morgan
news_E532	fake	pepsico discontinues mountain dew
news_pheme_346	fake	if put in is dead or incapacitated here are three scenarios for what might happen next
news_pheme_32	fake	youtube
news_E478	fake	skelton whale watching in lake michigan good luck whales lake michigan my great lakes adventure model photographer adventure
news_politifact14896	fake	police officers firefighters and others get hit with tax penalty
news_politifact14643	fake	san juan city council votes unanimously to impeach trump hating mayor
news_E263	fake	woman arrested for masturbating with jimmy dean sausage in walmart bathroom
news_pheme_377	fake	no surprise prince show live nation says
news_politifact14863	fake	breaking illegal muslim from iran arrested for starting california wildfire
news_politifact15631	fake	lisa page squeals dnc server was not hacked by russia
news_E241	fake	gluten free chicken nuggets
news_E189	fake	marco rubio voted for bill forcing rape victims to publish sexual history
news_pheme_181	fake	military helicopters flying over moscow they are landing in kremlin and in fsb square ukrainian conflict
news_E505	fake	a map depicts the native american tribal areas of the united states prior to european colonization
news_pheme_51	fake	prince not playing massey hall tonight promoter says
news_politifact15135	fake	seattle police begin gun confiscations no laws broken no warrant no charges
news_politifact14879	fake	breaking sasha obama just crashed her expensive new car into a lake
news_politifact14832	fake	breaking roy moore's accuser arrested and charged with falsification
news_E445	fake	aircraft resembling mh found in warehouse belonging to cnn
news_politifact14698	fake	morgan freeman jailing hillary best way to restore public faith in govt
news_politifact15606	fake	clinton body count series woman set to testify against clinton s blown up in home explosion
news_E530	fake	hickory nc walmart human trafficking warning
news_E192	fake	mysterious creature discovered in california everyone naturally cries alien
news_E576	fake	wyoming man found with cow eyeballs in his rectum
news_politifact15095	fake	legendary actor kirk douglas dead days before his st birthday
news_politifact14839	fake	morgue employee cremated by mistake while taking a nap
news_E162	fake	obama to ban christmas cards on military bases
news_E429	fake	county clerk kim davis mug shot i'll make a great prison wife photo
news_E243	fake	step dad pulls out of funding daughter s wedding at last minute but his reasoning is heartbreaking
news_E337	fake	bye bye bacon s arnie bizarre report tells offices ban pork to avoid upsetting muslims
news_E534	fake	man sues new bride for looking ugly without makeup
news_E592	fake	civil war museum closed confederate artifacts burned
news_E253	fake	nasa recently released imagery showing the deforestation of america in just years
news_pheme_79	fake	airbus a crashes in france killed
news_pheme_381	fake	
news_E51	fake	san bernardino terror ois t t ash feen malik who pledged allegiance to is is pictured
news_E144	fake	top islamic network on twitter
news_E599	fake	samuel adams introduces he li yum a new beer infused with helium
news_politifact14745	fake	update second roy moore accuser works for michelle obama right now
news_E262	fake	corona del troll
news_politifact14827	fake	we called it gloria all red accuser admits she tampered with roy moore's yearbook signature video
news_politifact14904	fake	hollywood cel ebs we will go on total strike if trump does not resign
news_E293	fake	woman arrested in walmart for trying on tampons in the feminine care aisle
news_pheme_180	fake	prince
news_E402	fake	news your personalized news reader
news_E567	fake	islamic city council bans sale of alcohol in dearborn mi
news_politifact15191	fake	ohio student suspended for staying in class during national walkout day
news_E431	fake	scott walker is trying to save his failing campaign by bashing unions
news_politifact13559	fake	pence michelle obama is the most vulgar first lady we've ever had
news_E339	fake	cnn altered photo of umpqua shooter
news_politifact14788	fake	mel ania trump if is is lay a finger on barron i'll scratch obama's eyes out
news_pheme_81	fake	deadly attack on satirical magazine in paris
news_politifact15146	fake	ice removal key goal of democrats in election
news_politifact15164	fake	biden raises possibility of presidential bid
news_E273	fake	one third of vegetarians eat meat when they get drunk
news_E501	fake	article claiming selena's murderer yolanda saldivar died is false td cj says
news_E20	fake	ikea forced to deny they are selling swastika shaped table named had lf
news_politifact14890	fake	actress sandra bullock to hillary clinton if you don't like our president you can leave and never come back again you are one jealous woman who ls nothing to compare with trump i hope he will arrest y
news_E618	fake	tyson is cutting jobs sending
news_E475	fake	state of florida passes law which makes nudity legal at all public beaches
news_E462	fake	biden talks of how the germans bombed pearl harbor for the love of god
news_E727	fake	if my eyes are bigger my family will definitely be around more
news_pheme_310	fake	image uploaded by news news toronto
news_politifact15159	fake	charleston shooter dylan n roof moved to death row in terre haute federal prison
news_E90	fake	ham ari par i
news_E41	fake	president obama scores on iq test lowest in presidential history
news_politifact15599	fake	this is amazing in the new york times said trump would be our best president they forgot
news_E148	fake	paris attacks mom daughter pay tribute to victims make sense of terror
news_pheme_140	fake	prince not playing massey hall tonight promoter says
news_E473	fake	fans are angry because they think joey fatone actually wrote a warning letter to one direction
news_E719	fake	gang member dies after he attempted to gold plate his penis photos a year old man has died after he at te
news_E708	fake	amazon ordered by the federal government to stop selling confederate flag
news_politifact15147	fake	international arrest warrant issued for george so ros
news_E564	fake	sarah palin prefers slavery to planned parenthood
news_E746	fake	treason look what obama just did for this illegal gang b anger charged with counts of murder
news_E669	fake	nascar confederate flag can't ride with us we banned it a long time ago
news_pheme_38	fake	house quake
news_E92	fake	ted cruz's bizarre flimsy description of the alleged planned parenthood shooter
news_pheme_73	fake	german airbus crashes in french alps with dead black box found
news_E432	fake	internal sony documents reveal playstation controllers are made of dog noses
news_E76	fake	ben phillips
news_E410	fake	why drivers in china intentionally kill the pedestrians they hit
news_pheme_214	fake	steve russell on insta gram massey hall massive line up rumor has it the there is a secret prince concert tonight rumor has it that tickets are lineup
news_E355	fake	this feminist is suing the man who saved her life for rape
news_E556	fake	after birth abortion the pro choice case for infanticide
news_E528	fake	banana dread
news_E328	fake	supporters of donald trump and other republicans get worst grammar grades
news_E395	fake	r e m is suing donald trump and ted cruz for million
news_politifact15188	fake	
news_E45	fake	large cell phone purchase rumor
news_E200	fake	starbucks singapore launch iconic red cups christmas pan ett one latte
news_E656	fake	right wingers circulate photoshop fake of young hillary clinton with a confederate flag
news_E321	fake	mandatory gun ownership in kennesaw georgia
news_E404	fake	the obama doctrine a new paradigm worthy of a second nobel peace prize the people's view
news_pheme_20	fake	image uploaded by news news toronto
news_politifact13561	fake	breaking put in interference could give courts legal right to make hillary president
news_pheme_87	fake	prince secret show rumored for toronto tonight
news_E285	fake	huge mysterious city floating in the clouds over fo shan guangdong china
news_E160	fake	christian group slams starbucks holiday cup as war on christmas
news_E715	fake	shit happens pic s videos and memes
news_E152	fake	work in japan job information of conscious company to muslim students
news_pheme_145	fake	insta gram
news_E305	fake	plastic bag use down since p charge was introduced
news_E506	fake	ir wan set yaw an
news_E611	fake	pill mottle
news_politifact15626	fake	clint eastwood leaves his estate to the trump campaign
news_E453	fake	white house says obama's gun rules would not have blocked virginia shooting
news_politifact14754	fake	curious rob o call seeks damaging information on moore
news_E587	fake	grandmother sounds off on gender identity curriculum
news_E554	fake	what do your mouth and the great pacific garbage patch have in common
news_politifact14992	fake	rep paul go sar asks capitol police to arrest illegal immigrants attending state of the union
news_pheme_111	fake	jim jefferies
news_E660	fake	the pope's commandments on climate change
news_E74	fake	president obama says pattern of us mass shootings has no parallel after san bernardino shooting
news_E561	fake	georgia man cuts off penis to stop masturbating inaccurate
news_E359	fake	youtube
news_E151	fake	photograph depicts muslim women in the united states with anti american phrases such as down with u s a written on their hands
news_E574	fake	los angeles gangs in contest to kill people in days
news_E19	fake	burger king just announced they will follow islamic sharia law
news_politifact13560	fake	sarah palin calls to boycott mall of america because santa was always white in the bible
news_politifact14601	fake	the kardashian s donate whopping sum to las vegas mass shooting victims
news_pheme_201	fake	who is andreas lub itz everything you need to know about the german wings co pilot
news_E706	fake	white supremacist who influenced charleston suspect donated to g o p campaigns
news_politifact14860	fake	law passed all child support in the united states will end by beginning of
news_E307	fake	meet captain bali slava a russian federation fighter pilot who bombed the hell out of is is yesterday
news_pheme_48	fake	
news_E760	fake	hampton s police submarine unit makes first arrest not the onion
news_politifact14993	fake	stunning democrats boo and groan at trump mention of murder victims of ms killers video
news_pheme_128	fake	ctv toronto s superstar in toronto
news_E584	fake	obama collecting personal data for a secret race database
news_E204	fake	occ u world global truth magazine
news_politifact14742	fake	snap chat is shutting down
news_pheme_251	fake	no prince concert live nation apologizes for incorrect information
news_politifact15130	fake	could trump win the nobel peace prize peace in korean peninsula would be significant foreign policy achievement
news_E165	fake	syrian refugees beginning to arrive in new orleans
news_politifact14841	fake	update van full of illegals caught voting at multiple alabama polling locations
news_politifact15156	fake	court orders obama to pay million in restitution
news_E29	fake	cookie dough can explodes in woman's vagina during shoplifting incident
news_E413	fake	
news_E175	fake	rum b lr tinder for fighting app lets you challenge people to brawls
news_E193	fake	second ruling in days against arizona's abortion laws
news_E491	fake	donald trump proclaims he'll name u s mexico border barrier after himself
news_pheme_401	fake	prince not playing massey hall tonight promoter says
news_pheme_182	fake	
news_pheme_281	fake	flag in sydney cafe window is not linked with is
news_E636	fake	pastor john piper women who wax their private parts are hurting god's work
news_E104	fake	could showtime resurrect dexter
news_E412	fake	wave of misconstrued migration
news_pheme_130	fake	prince a familiar face in toronto
news_E61	fake	providing biblical counsel to sexually confused youth soon illegal in c in cy
news_pheme_339	fake	
news_E50	fake	adele petition white privilege explains singer's success
news_E489	fake	new seaworld show just elephant drowning in large tank of water with no explanation
news_politifact14576	fake	washington state legislature votes to change its name because george washington owned slaves
news_E444	fake	jam mal wrong guy er
news_politifact14905	fake	obama not donald trump may be invited to royal wedding of prince harry and meghan mark le
news_pheme_163	fake	dj mensa on the s s on twitter
news_E659	fake	republicans escalate their war on women to attack wounded female veterans
news_pheme_205	fake	
news_politifact14694	fake	update hillary clinton leaves the country as mueller indictment is announced
news_E608	fake	west point revokes diplomas of confederate graduates
news_politifact14699	fake	alabama football crimson tide disqualified from national championship
news_E484	fake	w awa announced all stores would be closed by january
news_E392	fake	obama breaks out satanist aleister crowley t shirt
news_E387	fake	attention sadie robertson in major car accident please pray for her and her family
news_E286	fake	euro spa eucalyptus oil uses cdc says the flu shot is less effective
news_E234	fake	african american airlines
news_pheme_1	fake	prince fans turned away from massey hall
news_pheme_243	fake	
news_pheme_203	fake	german news report co pilot of german wings airbus was muslim convert hero of islamic state
news_pheme_76	fake	the real artist behind iconic charlie he b do pencil tribute
news_politifact15178	fake	former presidents walk fine line in trump's america
news_E654	fake	girl killed in her sleep from wearing ear buds while iphone was charging
news_E728	fake	michelle obama has been chosen by the u s treasury department to be the new face of the bill
news_E774	fake	taco bell wicker park could become first in u s to serve booze
news_E350	fake	no people did not gather in peru to support kim davis here's proof
news_pheme_382	fake	the co pilot of the german wings airbus was a convert to islam
news_pheme_175	fake	prince fans at massey hall react after being told singer won't perform tuesday
news_E679	fake	mcdonald e ed for using left over french fry grease in its coffee
news_E218	fake	police question unt journalism dean dorothy bland
news_E544	fake	donald trump supports hunter that killed cecil the lion amp will pay legal fees
news_E401	fake	sherri c on twitter
news_E132	fake	helium infused wine every girls night needs helium infused wine you must try some emoji$$ emoji$$ emoji$$
news_pheme_388	fake	sydney hostage crisis live report
news_E166	fake	hundreds of people died after eating the patti labelle brand patti sweet potato pie
news_E388	fake	bernie sanders saves dog from burning building news media still does not cover it
news_politifact13496	fake	the cnn porn scare is how fake news spreads
news_politifact13501	fake	lady gaga reveals plan to cover her face again until trump gets fired from office and i feel free once more
news_pheme_115	fake	
news_E529	fake	outrage female veteran denied a job by macy's because she's been to war
news_politifact14815	fake	miss universe guayana arrest ada con kilos en london airport emoji$$
news_politifact14693	fake	the hacked emails at the center of mueller's russia investigation explained
news_E606	fake	oxy breath pro face mask review
news_E376	fake	satire brain dead teen only capable of rolling eyes and texting to be eu than i zed caitlin tea g art not real
news_E542	fake	a russian laboratory has invented a way to remove the black skin layer of black people
news_politifact14771	fake	civil war erupts in sweden as irate swedes burn nine muslim refugee centers to the ground
news_politifact15137	fake	miley cyrus donald trump is a f king nightmare
news_E140	fake	watch syrian refugees in germany complain about slow internet speeds
news_E583	fake	oath of allegiance changed pledge to military service no longer required for naturalized citizens
news_E113	fake	climate change denier rupert murdoch just bought national geographic
news_politifact15190	fake	student hasn't stopped filming since florida school shooting
news_E455	fake	paul gas sen he i mer art poster james dean and marilyn monroe on bike h x w for sale online
news_politifact13557	fake	pro lifers declare ejaculation is murder every sperm cell is a life
news_E326	fake	colorado mcdonald's offers first marijuana friendly smoking section in restaurant
news_E500	fake	urgent hawaii official now swears no obama birth certificate
news_pheme_212	fake	canada shootings
news_E582	fake	exposing scams and hoaxes
news_E278	fake	dumb satire of yelp south park lawsuit rises briefly to top of google news
news_pheme_392	fake	faa recognizes andreas gu enter lub itz
news_E203	fake	a conspiracy theory says avril lavigne is dead and has been replaced by a doppelganger
news_E735	fake	log in or sign up
news_E323	fake	austrian red cross meets refugees at hungary border
news_E185	fake	history channel's bigfoot captured was a tv abomination
news_politifact14954	fake	year old who killed a muslim in self defense gets the death penalty
news_pheme_7	fake	charlie he b do suspects among three gunmen killed as french police end hostage stand offs in paris and dam martin en go ele
news_E494	fake	obese woman arrested for starving her kids there was only enough food for me
news_E125	fake	huff post is now a part of verizon media
news_pheme_277	fake	charlie he b do attack three terrorists killed in raids
news_E356	fake	adam sandler death hoax story fake and untrue
news_pheme_245	fake	cartoonists tweet responses to charlie he b do attack
news_pheme_165	fake	report german wings co pilot was recent convert to islam u fp news
news_E49	fake	el chap o guzm an mexican cartel boss threatens is is leader baghdad i
news_E27	fake	legislative time bomb
news_pheme_216	fake	no prince concert live nation apologizes for incorrect information
news_E525	fake	washington nationals adam la roche kills mountain lion poses with it
news_E277	fake	several injured in zombie like attack at tennessee walmart as man tries to eat his victims
news_E383	fake	sign up
news_E578	fake	u s supreme court says no license necessary to drive automobile on public highways streets
news_politifact14620	fake	jason aldean gig canceled after he sells out to liberals on snl
news_E161	fake	paris terror attacks suicide bomber tried to enter football stadium but was stopped by heroic security guards
news_E319	fake	phallic mushroom releases hormone like compounds to excite with a single sniff
news_pheme_372	fake	breaking german media site says german wings co pilot was muslim convert
news_E497	fake	this is how people in china are riding escalators after a horrific accident
news_E47	fake	stanley kubrick admits he helped nasa fake moon landings in new film
news_E336	fake	local school art project titled candlelight
news_pheme_406	fake	prince not playing massey hall tonight promoter says
news_E251	fake	there might be meat in your vegetarian hot dogs
news_politifact14818	fake	fbi uncovered russian bribery plot before obama administration approved controversial nuclear deal with moscow
news_pheme_271	fake	german wings crash plane obliterated
news_E480	fake	fake meijer back to school coupon goes viral on social media
news_E360	fake	this ios feature might secretly rack up your phone bill
news_politifact14776	fake	pope francis at mass jesus is metaphorical not literal
news_pheme_62	fake	islamist militant takes hostages in sydney caf displays black jihad is t flag
news_E116	fake	lb rat caught in new york city
news_pheme_394	fake	rumours of prince surprise toronto show quashed by live nation
news_politifact14718	fake	texas church shooter was a militant atheist
news_E621	fake	updated woman in coma after her butt implants explode during squat routine
news_E118	fake	customer service troll strikes again after complaints about campbell's soup advert featuring real gay dads and their son
news_politifact13475	fake	donald trump protester speaks out i was paid to protest trump's rally
news_pheme_173	fake	paris massacre suspects killed in dramatic hostage raids
news_pheme_239	fake	the image that everyone is sharing by banksy isn't by banksy but it's awesome
news_E722	fake	fact check a not so secret microchip
news_pheme_189	fake	toronto's news traffic and weather
news_E202	fake	do you suffer with migraines and headaches a dai th piercing could be the cure
news_E206	fake	obama orders chicago school to let transgender boy use girls locker room
news_politifact15049	fake	mel ania trump hired exorcist to cleanse white house of obama demons
news_pheme_72	fake	german wings crash in french alps kills cockpit voice recorder is found
news_E652	fake	til that when when a man named larry rut man threw a boomerang and hit himself in the head he sued himself for and surprisingly won with all the money coming from his insurance today ilea
news_E507	fake	twitter it's what's happening
news_politifact14814	fake	new jersey police chief says black people have no value and should all be executed
news_pheme_136	fake	
news_politifact14664	fake	ice detainer issued for suspected wine country arsonist in sonoma jail
news_E552	fake	soldier denied service at when cashier notices he's in the military
news_politifact14960	fake	haiti official getting ready to testify against clinton foundation corruption next week found dead with gunshot to the head
news_E465	fake	after josh dug gar's ashley madison confession sister jess a shares biblical verses
news_politifact15123	fake	statement from fda commissioner scott gottlieb m d on fda's ongoing efforts to help improve effectiveness of influenza vaccines
news_E446	fake	donald trump move the palestinians to puerto rico
news_E642	fake	transgender tampons
news_pheme_225	fake	is prince playing a secret show in toronto tonight
news_politifact14885	fake	world's most popular candy to be removed from shelves by october
news_politifact14876	fake	boom roy moore takes the military vote pulls ahead by k votes
news_pheme_144	real	hostages held in sydney cafe islamic flag seen in window local tv
news_E287	real	man dies on aer lingus flight after being restrained
news_E39	real	school principal bans santa thanksgiving and pledge of allegiance
news_pheme_328	real	canada will never be intimidated harper says after shootings in ottawa
news_politifact825	real	planned parenthood action center
news_E644	real	petition oakland county michigan circuit court release the three tsim hon i siblings from children's village juvenile detention center free tsim hon i kids change org
news_pheme_404	real	
news_E405	real	occ u world global truth magazine
news_pheme_108	real	pilot in german airbus crash was locked out of cockpit new york times
news_TM33	real	killer to face firing squad
news_E411	real	california ranchers discover pig with flores cent blue fat
news_E486	real	no asteroid is threatening to hit earth next month nasa says
news_E79	real	homeless couple found living in walmart attic with hot plate meth lab and inch led tv
news_pheme_302	real	vine
news_pheme_150	real	sydney siege hostage taker demands is is flag warns of four bombs in city
news_pheme_177	real	fox news go
news_E147	real	tidy cats lightweight brand cat litter causes breathing problems in cats
news_E482	real	did the national cancer institute finally admit that marijuana kills cancer
news_pheme_77	real	
news_pheme_22	real	tweets from charlie he b do attack scene
news_pheme_320	real	police say dead including gunman after raid ends sydney hostage situation
news_politifact9438	real	everything you need to know about the drone debate in one faq
news_E783	real	rodney ruiz on insta gram oh what food st eez food porn food bomba spam devils meat spa more os or eos hawaiian hawaii chee hu aloha maha los food yum
news_politifact7665	real	opinion
news_E133	real	the secret service received a credible threat against or land square mall in or land park illinois
news_E732	real	cdc confirms red eyes at the pool are caused by urine not chlorine
news_politifact720	real	amanda scott's blog senator obama in golden co confronting an economic crisis
news_pheme_283	real	facebook
news_pheme_148	real	
news_pheme_341	real	live streaming news video
news_E720	real	home depot employee racism controversy
news_E493	real	christian reality star josh dug gar using the ashley madison website to cheat on their spouses
news_SarahJessicaSurrogate	real	sarah jessica parker and matthew broderick twins surrogate girls on the way
news_E570	real	today is the first official asteroid day co founded by dr brian may queen guitarist and astrophysicist
news_E452	real	kentucky clerk defies supreme court on same sex marriage and could be held in contempt
news_pheme_275	real	ottawa attack more astonished than frightened
news_pheme_364	real	the wall street journal
news_E579	real	is planned parenthood's fetal parts trade legal
news_E752	real	magazine obtains police report over josh dug gar sexual molestation investigation he admits past mistakes resigns family council job
news_politifact7511	real	pelosi urges minimum wage hike
news_pheme_35	real	paris dead in attack on satirical paper that poked fun at mohammed
news_pheme_133	real	news video
news_E696	real	facebook rainbow profile photos the latest big data experiment
news_E434	real	boy kills teen at st louis county home break in alleged
news_E788	real	dug gar dad's political platform incest should be punishable by death
news_pheme_186	real	abc news australian broadcasting corporation
news_E681	real	wait what doj to fast track pay out of million to families of charleston shooting victims
news_E88	real	leonardo dicaprio may or may not get raped by a bear twice in the r even ant update
news_E640	real	conan o brien makes like mad max for comic con arrival
news_pheme_340	real	sergeant at arms hailed as hero for stopping parliament hill gunman
news_pheme_43	real	canada probes michael ze ha f bi beau as possible suspect in ottawa shooting source
news_pheme_33	real	german wings airbus a crashes in france feared dead
news_pheme_3	real	ctv news special report killed soldier identified
news_pheme_71	real	witnesses describe chaos in canada shootings rounds of handgun fire
news_pheme_29	real	live news stream watch cbs n
news_pheme_132	real	sydney siege hostages held in lind t cafe
news_E596	real	miranda lambert debunks divorce rumors as talks about making an effort to make marriage with blake shelton work singer goes head to head with carrie underwood
news_pheme_261	real	bern museum accepts controversial art hoard
news_politifact13283	real	warren buffett says the super rich pay lower tax rates than others
news_pheme_323	real	sydney siege is over say police as hostages flee the scene
news_pheme_89	real	dramatic sydney siege hostages run from lind t cafe more remain trapped
news_E178	real	starbucks unveils hanukkah kwan za church of satan holiday cups
news_E157	real	is is is using support paris facebook avatars to track and target military families
news_E662	real	woman's neighbor died of suffocation due to e cigarette use
news_pheme_348	real	pilot was locked out of german wings cockpit before crash
news_E303	real	khl o kardashian comforts devastated ex lamar o dom after his friend jamie's death watch the emotional ku wt k clip
news_pheme_129	real	
news_pheme_368	real	canada shooting sergeant at arms hailed as hero
news_E97	real	bill bennett they will kill trump before they let him be a president
news_pheme_54	real	french president calls kosher deli hostage situation horrible antisemitic attack
news_politifact810	real	mccain obama go head to head in last debate
news_E43	real	rob m cel henn ey on twitter
news_pheme_308	real	ottawa shooting harper mulc air trudeau speak about attack
news_pheme_45	real	chaos in canada gunfire erupts at parliament
news_politifact8071	real	remarks by the president on the economy knox college gales burg il
news_E364	real	teal pumpkins try to keep halloween food allergy safe
news_pheme_146	real	soldier shot in ottawa at war memorial
news_E363	real	in the loop r e m doesn't feel fine about donald trump using its song
news_pheme_191	real	ottawa shooting a day of chaos leaves soldier gunman dead
news_E758	real	marty mcfly returns
news_E86	real	north korean ghost boats in deadly hunt for fish wash up in japan
news_pheme_370	real	
news_E612	real	log in or sign up
news_pheme_291	real	charlie he b do le t mo ign age de la des s in atrice coco
news_E158	real	syrian refugees arrive in winston salem
news_E141	real	attacks in central paris live updates
news_E711	real	you can buy an is is flag on amazon but not a confederate flag
news_politifact4028	real	all nobel peace prizes
news_E31	real	a charlie brown christmas airs with trigger warnings
news_politifact12556	real	donald j trump on the stakes of the election
news_E155	real	charlie sheen is hiv positive sources tells people
news_politifact7259	real	nra president david keene rejects white house gun control approach
news_pheme_110	real	
news_E54	real	grateful doe is identified years after road trip death
news_E514	real	oregon cat is world's oldest at years days guinness
news_pheme_276	real	five people flee from sydney cafe amid hostage drama
news_pheme_131	real	
news_politifact323	real	change we can believe in
news_E723	real	british police call on nation to save a life surrender your knife as knife violence continues
news_politifact13132	real	hillary clinton says guns exceed next nine categories as leading cause of death for young black men
news_politifact7489	real	debbie wasserman schultz jeb bush a flip flop flip on immigration wow i fashioned you more of a baseball player than a gymnast my bad not surprised at all
news_E26	real	toddlers killed more americans than terrorists in
news_E198	real	watch two guys strapped to jetpack s fly with an airliner over dubai
news_pheme_234	real	twitter media
news_E244	real	a worker standing on the cables of the unfinished golden gate bridge
news_E457	real	wes craven scream and nightmare on elm street director dies at
news_pheme_222	real	paris cop fatally shot as france mourns charlie he b do massacre victims
news_pheme_296	real	
news_pheme_218	real	vine
news_pheme_229	real	
news_E52	real	is s a fy re terry's christmas wish a scam
news_politifact13013	real	un refugee agency welcomes arrival of th syrian refugee resettled to united states
news_TM982	real	cold sip com
news_pheme_272	real	
news_pheme_219	real	video of ottawa shooting suspect getting into car
news_politifact4306	real	stop coddling the super rich
news_pheme_121	real	sydney siege hostages held in lind t cafe
news_pheme_117	real	swiss museum accepts art trove amassed under nazis
news_politifact239	real	u s department of education budget history
news_E649	real	climate change does not cause hurricanes but makes them stronger obama
news_E127	real	ucla students protest after partygoers wear blackface at fraternity party
news_pheme_98	real	
news_E75	real	the san bernardino shooting occurred because syed ri zw an fa rook believed pork served at a holiday party was an insult to islam
news_politifact1315	real	h n vaccinations to be offered to guantanamo bay detainees
news_pheme_198	real	harper cancels mala la citizenship event in wake of shooting
news_E694	real	lego land child abduction attempt hoax
news_politifact785	real	obama urges bern an ke paulson to fight foreclosures hold home ownership summit
news_politifact939	real	for education secretary stimulus means dollars and risk
news_E270	real	maplewood ian com seth boyden seeking to ban halloween festivities again
news_pheme_378	real	as it happened france sieges end
news_E523	real	target removing gender labels from most of children's department
news_pheme_289	real	paris terror attack hostages killed before police staged final assault
news_politifact9802	real	rand paul we must demilitarize the police
news_politifact2281	real	families others rally in favor of nyc mosque
news_pheme_156	real	mps credit sergeant at arms for saving lives in parliament hill shootings
news_E767	real	the story of the guy who changed his legal name because it was cheaper than paying ryanair to change the name on his plane ticket lol
news_pheme_179	real	
news_pheme_274	real	
news_pheme_187	real	
news_pheme_53	real	swiss museum decides to accept gur litt nazi era art trove
news_pheme_9	real	are you a robot
news_pheme_184	real	
news_pheme_83	real	
news_pheme_374	real	canada's parliament attacked soldier fatally shot nearby
news_politifact489	real	u s considers more troops for afghanistan
news_politifact368	real	the cnn democratic presidential debate in texas
news_pheme_338	real	gunman takes hostages in cafe updated pm et
news_E524	real	daily digest anim as river significant spill prompts warnings and other stories
news_pheme_57	real	
news_pheme_248	real	kunst museum bern accepts gur litt collection
news_E591	real	five holistic doctors dead
news_E485	real	friends forever tampons two tampons one string for you and your b ff
news_politifact134	real	hillary rodham clinton senator for new york schumer clinton announce key senate panel approves over million for labor health and human services projects in the hudson valley
news_E495	real	armed confederate supporters interrupt black child's birthday party with racial slurs death threats
news_pheme_126	real	
news_pheme_376	real	sydney siege footage shows people fleeing
news_politifact13477	real	rand paul will donald trump betray voters by hiring john bolton
news_pheme_285	real	sydney siege is over say police as hostages flee the scene
news_pheme_47	real	black box data shows co pilot accelerated plane into mountains
news_E768	real	youtube
news_E754	real	texas officer video emerges of response to pool party disturbance
news_E778	real	man spreading arrest i was groped by a man's legs on the train
news_politifact13052	real	most heroin in u s now comes across mexican border rob portman says
news_pheme_206	real	daily mail online
news_politifact1161	real	topic a how can president obama regain his political footing
news_pheme_105	real	ottawa shooting a day of chaos leaves soldier gunman dead
news_E246	real	piece of space debris wt f on collision course with earth in november
news_E792	real	aspen man uses stuffed owl as defense attorney at court hearing
news_politifact910	real	author offers insights on slavery the capitol and obama's inauguration
news_pheme_253	real	twitter media
news_pheme_82	real	ottawa police ease city lockdown after gunfight kills parliament shooter
news_pheme_268	real	extended shots fired inside parliament hill
news_pheme_8	real	charlie he b do magazine attack vigils held as french hunt suspects
news_pheme_226	real	
news_politifact6730	real	secret video romney tells millionaire donors what he really thinks of obama voters
news_E150	real	this is the most disturbing muslim refugee video you will ever see
news_pheme_375	real	vine
news_E318	real	carson recounts time he was held up at gun point
news_politifact3428	real	social security online history pages
news_E677	real	from the deep fried rat at kfc in usa to the cat bi ryan i in india my food horror story
news_politifact1467	real	sen gregg president obama's budget proposal is a disaster
news_pheme_60	real	uber offers free rides during sydney hostage crisis after surge pricing backlash
news_politifact13443	real	families facing tax increases under trump's tax plan
news_pheme_279	real	rt com
news_politifact1014	real	trump on pre jean same as obama
news_pheme_407	real	
news_politifact13310	real	at trump hotel site immigrant workers wary
news_Cristiano	real	no car crash charge for ronaldo
news_E458	real	american airlines to drop phil a tel aviv service
news_politifact7258	real	shields and gerson on cabinet noms gun laws boehner's leadership
news_pheme_12	real	now uber australia uber sydney
news_pheme_354	real	bern museum accepts controversial art hoard
news_E736	real	gone viral baltimore resident wants to make relentlessly gay yard more relentless gayer
news_pheme_351	real	gunman and hostages dead after police storm sydney cafe
news_pheme_122	real	swiss museum will accept gur litt art trove
news_E115	real	gop ups threats to halt syrian refugees after paris attacks
news_pheme_228	real	
news_pheme_16	real	two hostages gunman dead in sydney siege
news_ClarkRockefeller	real	cambridge film director to make clark rockefeller
news_pheme_157	real	swiss museum decides to accept gur litt nazi era art trove
news_pheme_120	real	attack on canada's parliament makes news around the world
news_pheme_259	real	sydney hostage siege ends with gunman and captives dead as police storm cafe
news_pheme_31	real	soldier and gunman killed in ottawa shootings
news_pheme_135	real	dramatic moments inside parliament as gunfire is heard video
news_E233	real	in n out cups contain hail satan messages
news_E232	real	the band godsmack is changing their name to power chord due to complaints from listeners
news_pheme_5	real	as it happened ottawa shooting
news_pheme_246	real	gunman linked to charlie he b do shooters takes hostages at kosher grocery
news_politifact1714	real	the hill op ed go natural go nuclear
news_E602	real	chattanooga attacks a tragic day for all of tennessee
news_pheme_399	real	soldier killed at national war memorial mourned as caring father animal lover
news_pheme_65	real	lind t cafe hostage drama in martin place sydney day two
news_E217	real	australia school allows muslim students to leave the room to avoid singing the national anthem
news_politifact10903	real	estonia might have the most efficient tax filing system in the world
news_politifact8085	real	cnn's don lemon bill o reilly's criticism of black community doesn't go far enough
news_pheme_240	real	two hostages gunman dead in sydney siege
news_E201	real	i thought i was going to die arson in sweden targets asylum seeker center
news_E219	real	washington and oregon chi pot le restaurants closed after e coli outbreak
news_pheme_303	real	
news_pheme_371	real	paris cop fatally shot as france mourns charlie he b do massacre victims
news_pheme_358	real	extended shots fired inside parliament hill
news_E670	real	dylan n roof's sister tried to raise money for canceled wedding
news_pheme_295	real	sydney siege
news_politifact514	real	crist has experience to be vice president mccain says
news_pheme_270	real	
news_pheme_402	real	charlie he b do police say dead as gunmen attack paris magazine
news_pheme_61	real	sydney siege is over say police as hostages flee the scene
news_pheme_307	real	gunfire erupts inside halls of parliament
news_pheme_40	real	c pl nathan ci rill o dreamed of becoming full time soldier
news_pheme_106	real	ottawa shooting harper mulc air trudeau speak about attack
news_pheme_309	real	german wings airbus a plane crash two babies and children among dead
news_E512	real	student protests parking tickets by paying fine with pennies
news_pheme_24	real	live streaming news video
news_pheme_265	real	
news_pheme_353	real	two suspects in charlie he b do massacre rob gas station in northern france
news_politifact1026	real	house gop introduces keep terrorists out of america act
news_pheme_315	real	german airbus crashes in french alps with dead black box found
news_politifact13193	real	phil ando castile had been stopped times by police
news_politifact13352	real	donald trump sets conditions for defending nato allies against attack
news_pheme_162	real	watch sky news live
news_E759	real	razor blade discovered in walmart shopping cart handle
news_pheme_17	real	swiss museum accepts art trove amassed under nazis
news_E117	real	most of those white student union facebook pages for canadian universities are probably fake
news_politifact374	real	the associated press obama hits clinton on nafta support
news_E65	real	a photograph shows a crisis actor pretending to be shot on the floor of a grocery store
news_E548	real	jimmy john's owner targeted for trophy hunting
news_pheme_352	real	how parliament hill shooting unfolded
news_pheme_297	real	are you a robot
news_pheme_363	real	map location of sydney siege
news_E357	real	ra qi yah may s on twitter
news_pheme_80	real	breaking report of shotgun wielding man with is is flag holding hostages in sydney australia photos update opera house evacuated update reportedly hostages update not an is is flag update
news_politifact385	real	strong words in ohio as obama and clinton press on
news_politifact181	real	teamsters tout an wr on capitol hill
news_pheme_166	real	cnn com
news_E382	real	drug ceo will lower price of dara prim after hike sparked outrage
news_politifact10332	real	obama gitmo inspires jihad is ts
news_politifact937	real	a solar grand plan scientific american
news_E73	real	a credible law enforcement source warned bernardino residents it's not over after a december shooting adding future attacks are expected
news_pheme_299	real	as it happened german wings airbus a crash in france
news_politifact1361	real	switchboard from nr dc barbara fina more's blog china's carbon intensity target
news_pheme_397	real	sydney hostage siege ends with gunman and captives dead as police storm cafe
news_politifact1500	real	as dem s stimulus anniversary near s americans ask where are the jobs
news_E779	real	cait lyn jenner to receive courage award at espy's
news_E368	real	mcdonald's employee feeds disabled customer in heartwarming act of kindness
news_E689	real	white house archived on twitter
news_pheme_119	real	custom domain by bit ly
news_E391	real	taste the rainbow dori to s to launch pride flag inspired tortilla chips
news_E352	real	things for your new day mike huckabee rallies for kim davis pope francis shakes up the church again and s
news_E223	real	hatchet massacre dead after man slaughters guests in their sleep on halloween night
news_E370	real	oxford junior dictionary's replacement of natural words with st century terms sparks outcry
news_pheme_176	real	
news_TM1341	real	a look at winners and losers from e the sony playstation and microsoft's xbox made moves on nintendo's wii at th
news_pheme_330	real	how it unfolded gunman takes hostages at sydney cafe
news_pheme_292	real	sydney siege flag examined for terror clues
news_E416	real	climate change denier rupert murdoch just bought national geographic which gives grants to scientists
news_pheme_207	real	canadian parliament in lockdown after shooting
news_pheme_37	real	charlie he b do shooting is a ferociously shocking moment
news_E428	real	police woman tries to lure students on fake school bus in west is lip
news_politifact201	real	new york officials welcome immigrants legal or illegal
news_pheme_127	real	live updates from ottawa after attacks
news_E763	real	i zabel lax a man a commits suicide after social media shaming by father updated
news_pheme_109	real	sydney hostage siege continues police say motive is unknown
news_E183	real	discolored bananas infected with hiv blood
news_E471	real	in honor of peace day burger king proposes one off mc whopper collaboration with mcdonald's
news_E235	real	fbi warning nation's police of anarchist halloween
news_pheme_293	real	ottawa shooting a day of chaos leaves soldier gunman dead
news_pheme_104	real	ottawa shooting shots fired inside canadian parliament building
news_pheme_304	real	watch two female hostages flee sydney siege caf
news_pheme_36	real	gunman among dead after police storm sydney cafe ending siege
news_E704	real	confederate frenzy ny film critic calls for banning of gone with the wind
news_E149	real	new york subway terror threat
news_pheme_321	real	
news_politifact31	real	school choice faq
news_E692	real	this amazing week in one cartoon
news_pheme_306	real	twelve shot dead as gunmen storm hq of satirical magazine charlie he b do in paris
news_pheme_347	real	airbus pilot heard trying to smash cockpit door open
news_pheme_403	real	
news_pheme_389	real	ottawa shooting a day of chaos leaves soldier gunman dead
news_E177	real	comic of star trek creator gene roddenberry's plane crash strikes emotional chord
news_pheme_301	real	sydney siege hostages held in lind t cafe
news_E130	real	to by keith records song to aid syrian refugees
news_pheme_236	real	footage shows bullets fired inside canada parliament
news_pheme_334	real	four hostages dead as paris store siege ends
news_E627	real	the goonies why a goonies sequel might and might not happen
news_pheme_336	real	under construction sun news network ca
news_pheme_97	real	sergeant at arms who reportedly shot suspect hailed as hero by mps
news_pheme_55	real	five people flee from sydney cafe amid hostage drama
news_E372	real	learn the lives of holocaust survivors through innovative new technology
news_politifact4275	real	krugman calls senate health care bill similar to law in massachusetts
news_E765	real	newspaper celebrates mlb's first amphibious pitcher
news_E28	real	missouri propane tank bomb terror warning
news_E91	real	model pix ee fox has surgeries and ribs removed to look like jessica rab it
news_E173	real	montana tv station reports bass pro shops is buying ca bela's
news_E632	real	memphis news weather
news_pheme_113	real	
news_pheme_325	real	nhl postpones maple leafs senators game after tragic shootings in ottawa
news_politifact2758	real	in weekly republican address boehner calls for new way forward focused on creating jobs cutting spending reforming congress
news_pheme_44	real	dead after police storm sydney caf to end hostage crisis
news_TM2407	real	new post tiger wood
news_E721	real	kfc shocker instead of chicken customer served with fried rat watch video
news_pheme_49	real	
news_E397	real	hillary clinton mark zuckerberg barack obama support ahmed mohamed
news_E239	real	politicians are the lowest forms of life on earth liberal democrats are the lowest forms of politicians
news_pheme_190	real	
news_pheme_313	real	suspected islamist gunman takes hostages in sydney coffee shop
news_pheme_74	real	ottawa shooting inside parliament building
news_E181	real	jennifer aniston viral facebook post about meeting a homeless teen
news_pheme_238	real	paris cop fatally shot as france mourns charlie he b do massacre victims
news_pheme_21	real	said and cher if kou achi the two brothers suspected of the charlie he b do massacre
news_pheme_257	real	ctv news channel live
news_pheme_168	real	federal sources confirm identity of slain ottawa gunman
news_E199	real	bindi irwin judge rejects dw ts contract no proof her dad died
news_E215	real	wwe legend hulk hogan committed suicide
news_TM2607	real	paris hilton arrested for cocaine possession report
news_politifact2724	real	notice data not available u s bureau of labor statistics
news_pheme_138	real	
news_E786	real	fox orders minority report and dc comics lucifer
news_pheme_185	real	police storm sydney cafe to end hostage siege three dead
news_pheme_221	real	latest news and headlines from australia and the world
news_pheme_75	real	swiss museum to accept gur litt nazi art
news_E664	real	seattle sixth graders can get iuds
news_E362	real	george zimmerman re tweets picture of tray von martin's corpse
news_pheme_134	real	charlie he b do officials establish link between gunmen in both attacks as it happened
news_politifact1185	real	obama promises abortion in public plan
news_politifact1424	real	pw ned house gop dominates twitter youtube social media in congress
news_E40	real	did a north carolina town reject solar panels
news_pheme_52	real	sydney siege ends police storm cafe where man har on mon is held hostages
news_pheme_96	real	ottawa shooting kevin vickers hailed as hero who helped stop attacker
news_pheme_18	real	scene in sydney grenades and gunfire
news_politifact11989	real	memory lapse trump seeks distance from advisor with past ties to mafia
news_E666	real	philae comet could be home to alien life say scientists
news_politifact7668	real	statement by the president
news_pheme_124	real	
news_westNile	real	first west nile virus case reported in arkansas
news_pheme_6	real	business financial news u s international breaking news
news_politifact13395	real	clinton campaign's claim that trump would force schools to allow guns in classrooms
news_E707	real	adelaide high school students suspended over abusive facebook messages sent to feminist writer clementine ford
news_politifact12721	real	updated the facts about hillary clinton's emails
news_pheme_56	real	paris hostages run for their lives as at least four in siege are dead
news_E605	real	is is didn't actually tweet a warning about the chattanooga shooting
news_E772	real	cherry creek schools says lunch lady wasn't fired for giving away food
news_pheme_260	real	
news_TM1582	real	tiger woods pays million in divorce settlement report says
news_E688	real	nypd to inject totally harmless gas into subway this summer
news_pheme_4	real	escaped sydney siege hostage a top student
news_pheme_84	real	sydney siege hostages held in lind t cafe
news_politifact938	real	peanut product recall took company approval
news_politifact12418	real	clinton's lead over trump shrinks to points new nbc news ws j poll
news_politifact12755	real	pastors to protest irs rules on political advocacy
news_pheme_332	real	ottawa shooting inside parliament building
news_politifact339	real	the fact hub
news_E766	real	a lesson in time chalkboards found in oklahoma school
news_pheme_314	real	
news_politifact13229	real	donald trump featured in new jihad is t recruitment video
news_pheme_361	real	c pl nathan ci rill o dreamed of becoming full time soldier
news_E791	real	obama pays tribute to fallen soldiers at arlington national cemetery
news_E517	real	shawn fuller
news_pheme_192	real	as it happened charlie he b do attack
news_politifact8152	real	the daily show with trevor noah
news_pheme_85	real	reuters india on twitter
news_E589	real	is it real or is it neigh bel line
news_pheme_67	real	nathan ci rill o soldier killed in canada terror attack
news_politifact10731	real	call islamic terrorism what it is a threat to west jeb bush says
news_E143	real	anne frank was a refugee who was denied entrance to the united states
news_E393	real	texas fast food joint accused of denying service to police
news_E214	real	ufo photographed over memphis
news_pheme_266	real	twitter media
news_pheme_69	real	
news_E757	real	joyce carol oates is outraged that steven spielberg killed a triceratops
news_politifact351	real	obama knows his way around a ballot chicago tribune com
news_E784	real	noise guidelines specifically for their african american residents
news_E163	real	lindsay miller wins fight to wear pasta strainer on her head in id photo
news_pheme_263	real	gw i crash no survivors expected
news_pheme_400	real	
news_politifact1519	real	harry reid says gop should stop crying about reconciliation
news_pheme_324	real	black flag is hoisted as an armed person takes hostages in a sydney cafe
news_E516	real	nj com posts un ironic weather penis for east coast storm
news_politifact951	real	obama's remarks at the white house health care forum
news_pheme_170	real	hostage taking in sydney cafe sparks fears of islamist linked attack
news_pheme_329	real	german wings pilot was locked out of cockpit before crash in france
news_politifact691	real	palin tries new tactic to unload hated jet gov sarah palin background
news_E188	real	the five surprising health benefits of champagne
news_E121	real	obama signs law to lower the age of consensual sex to years of age
news_E539	real	kermit and miss piggy break up who cheated
news_pheme_327	real	attack on ottawa pm harper cites terrorist motive
news_pheme_100	real	canada pm calls parliament shooting a terrorist act
news_politifact7923	real	barack obama since newtown more people have died at the end of a gun than we have lost in afghanistan vp joe biden
news_E343	real	jewel shu ping blinds herself with drain cleaner
news_E547	real	wrestling star rowdy roddy piper dies at
news_TM1348	real	breaking the paid parental leave scheme has been passed and will take effect from january next year
news_politifact11115	real	inquiry sought in hillary clinton's use of email
news_E70	real	city officials created a crossing guard burqa uniform in order to avoid a discrimination lawsuit
news_pheme_337	real	escape after gunman with jihad is t flag takes at least hostage in sydney cafe
news_pheme_169	real	financial times
news_pheme_34	real	gunman and two others dead in sydney hostage crisis
news_pheme_278	real	toronto maple leafs on lockdown after shootings in ottawa
news_E378	real	bernie sanders rape fantasy essay reveals left wing hypocrisy
news_pheme_78	real	gur litt an art world thriller
news_pheme_152	real	black flag held by sydney siege hostages bears islamic message of faith
news_politifact11208	real	a comprehensive investigation of voter impersonation finds credible incidents out of one billion ballots cast
news_politifact8221	real	situation syria regional refugee response
news_E750	real	rachel dole zal to address questions about her race credibility the naacp
news_pheme_333	real	yahoo live sydney
news_E373	real	homo ph obes freak out over dori to s brilliant troll strikes back
news_politifact440	real	no regrets for a love of explosives in a memoir of sorts a war protester talks of life with the weathermen
news_pheme_197	real	sydney hostage situation people flee lind t chocolate shop
news_pheme_258	real	soldier fatally shot on parliament hill identified as nathan ci rill o of hamilton
news_E237	real	was michael myers halloween mask william shatner's face
news_pheme_217	real	
news_E377	real	crisis text line
news_pheme_359	real	leafs senators game postponed after shootings
news_pheme_318	real	police storm sydney cafe to end hostage siege three dead
news_pheme_155	real	
news_E712	real	lawsuit westfield n j family fled after being watched
news_pheme_211	real	canada police hunt gunmen after soldier killed
news_E194	real	steve jobs left behind a deathbed essay
news_E340	real	ben carson on climate change quo t gravity where did it come from quo t
news_pheme_95	real	ottawa chaos soldier killed in canadian capital shooting
news_pheme_10	real	uber intros surge pricing during sydney hostage siege then backtracks after user outcry
news_pheme_288	real	charlie he b do officials establish link between gunmen in both attacks as it happened
news_politifact12801	real	laura ingraham wrongly says claim that support for gun background checks has been debunked
news_pheme_350	real	sydney siege ends police storm cafe where man har on mon is held hostages
news_E176	real	re boiled water causes cancer
news_E460	real	foul smell reported across staten island officials unsure of cause
news_E96	real	barack hussein is planning to send muslim refugees to the navajo reservations of az and nd
news_pheme_41	real	gw i g playback from t utc
news_TM1019	real	on this day of remembrance we honor the lives of our fallen heroes the service they rendered and the sacrifice they made for all of us
news_pheme_232	real	charlie he b do magazine attack vigils held as french hunt suspects
news_E674	real	crow rides on the back of an eagle in once in a lifetime photos
news_pheme_167	real	sydney crisis hostages share gunman's demands in chilling phone calls
news_TM1193	real	news al gore's daughter separated from husband
news_pheme_174	real	youtube
news_pheme_298	real	german wings plane u crashes in french alps
news_E59	real	jimmy carter medical marijuana cured my cancer
news_politifact773	real	u s senate u s senate roll call votes th congress
news_politifact11627	real	senator bernie sanders on democratic socialism in the united states
news_politifact834	real	afp mccain renews attacks on obama links to radical
news_E231	real	huge crack in the earth opens up east of yellowstone caldera by big horn mountains
news_E780	real	we should have known charlie charlie challenge was viral marketing for a horror movie
news_E107	real	wah pata h on insta gram just ordered my cards against humanity starter kit with the bigger blacker box and two expansion packs cards against humanity cards fun
news_E508	real	smoking in cars set to become illegal
news_pheme_391	real	hostages held in sydney cafe islamic flag seen in window local tv
news_E167	real	obama care enrollment numbers are not real
news_E673	real	authorities warn of possible is is inspired attack around th of july
news_pheme_178	real	vine
news_E374	real	fidel lopez kills girlfriend who screamed ex husband's name during sex police say
news_E665	real	black churches are burning again in america
news_E645	real	asbestos found in crayons toy crime lab kits
news_pheme_11	real	charlie he b do attack three terrorists killed in raids
news_pheme_380	real	sydney caf siege victims identified as tori johnson katrina dawson
news_pheme_151	real	youngest suspect in charlie he b do attack turns himself in others sought
news_E698	real	aspire sports trust
news_pheme_349	real	ottawa shootings soldier killed and city on lockdown
news_politifact8172	real	remarks by the president on responsible home ownership
news_politifact986	real	administration is seeking billion for wall street
news_E48	real	california implements statewide ban on all a cp ammunition
news_politifact304	real	part of cnn democratic presidential debate
news_pheme_342	real	live updates sydney cafe siege ends in rain of gunfire police confirm
news_pheme_139	real	sydney hostage situation live updates
news_E106	real	lady steals from kid black friday
news_E536	real	teeming tower of pizza
news_E30	real	chem trails
news_E646	real	i do as i say not as i do
news_pheme_233	real	
news_E83	real	mark zuckerberg is giving away money
news_E414	real	a gorgeous double rainbow appeared above the freedom tower on the eve of
news_TM2602	real	u s economy grew in the nd quarter the first estimate was economists had eec ted a revision to
news_politifact8611	real	israel should welcome rou hani's election victory
news_E559	real	cecil the lion's killer revealed as american dentist
news_pheme_227	real	as it happened sydney cafe siege
news_E533	real	whole foods asparagus water is just water with three stalks of asparagus in it updated
news_pheme_66	real	canada will never be intimidated harper says after shootings in ottawa
news_pheme_345	real	terror grips ottawa gunman was flagged as high risk
news_E572	real	bob bi kristina brown's alleged drug dealer steven step ho found dead
news_pheme_86	real	
news_pheme_161	real	sydney siege ends police storm cafe where man har on mon is held hostages
news_politifact4588	real	rick perry says he switched to gop at a younger age than reagan did
news_E672	real	oregon bakery must pay for refusing to make wedding cake for lesbian couple
news_E312	real	the jersey devil urban legend profile
news_politifact943	real	earmark reform spending bill contains of them
news_pheme_123	real	dead including assailant after violent raid concludes sydney siege
news_E316	real	guns have killed more preschoolers than police officers in the line of duty
news_pheme_154	real	ctv news channel live
news_politifact7376	real	employment hours and earnings from the current employment statistics survey national home page
news_E513	real	fake customer service rep trolls complainers of target's new gender neutral policy
news_E794	real	w th thursday who wins in a fight a gator or a truck and more
news_E781	real	news weather and sports from wt vr richmond
news_pheme_366	real	twitter media
news_E789	real	no pay no play poor kids banned from school carnival
news_E156	real	the united states postal service will stop selling religion based christmas stamps in
news_politifact186	real	interest group ratings
news_politifact724	real	individual income tax returns publication complete report
news_pheme_14	real	gun attack on french satirical magazine kills
news_E154	real	black friday terrorist attack in tennessee
news_pheme_398	real	
news_TM1414	real	secretary with dictation skills for s uc ses s ful media company west london
news_pheme_195	real	paris charlie he b do attack footage january live recordings
news_E437	real	kentucky clerk denies marriage license to two couples despite judge's order
news_E682	real	dukes of hazzard episodes pulled from tv land schedule in wake of confederate flag debate
news_E32	real	is an ad touting a gun for the whole family real
news_E451	real	kentucky clerk kim davis defies supreme court turns down gay couples
news_pheme_286	real	german wings plane crash co pilot acted deliberately
news_pheme_395	real	ottawa police service
news_politifact57	real	key facts race ethnicity and medical care
news_E477	real	texan woman julie mott's body is stolen after her memorial service
news_E99	real	michelle obama says white folks are what is wrong with america
news_E322	real	police warn pet owners after hot dogs filled with rat poison found on lawns
news_politifact11855	real	china's space threat how missiles could target u s satellites
news_pheme_23	real	ottawa shooting in pictures
news_politifact245	real	missing teen ager found in new jersey
news_E770	real	year old girl jumps to death after dad shares public shaming video on the internet
news_politifact426	real	move on org political action things to know about mccain
news_pheme_183	real	the art newspaper
news_Havard	real	was harvard professor henry louis gates jr a victim of racial profiling last thursday
news_politifact10185	real	if democrats lose blame these guys
news_E683	real	photo with false information on sharks in myrtle beach swarms social media
news_E600	real	no guns for pensioners
news_pheme_99	real	
news_pheme_171	real	german wings flight u airbus a plane crashes in french alps en route from barcelona to du sseldorf
news_pheme_28	real	several hostages taken in paris supermarket
news_pheme_208	real	canada will never be intimidated harper says after shootings in ottawa
news_pheme_92	real	sydney cafe siege as it happened
news_E24	real	kroger off facebook coupon
news_E518	real	planned parenthood's goddess kali lights up empire state building
news_politifact1575	real	jim de mint house appropriations chair david obey's partial earmark ban wouldn't apply to of earmarks that's a fig leaf not real reform
news_pheme_164	real	ottawa shooting in pictures
news_pheme_326	real	radio live
news_politifact8989	real	forget kiev the real fight will be for crimea
news_E403	real	philadelphia cop denied bathroom access at starbucks
news_E449	real	cyber bul lier
news_E421	real	holistic doctors natur o paths poisoned at homeopathic health conference
news_E648	real	george bush was paid to speak at veterans event
news_E613	real	woman from chicago area found dead in texas jail cell
news_E590	real	obama reverses decision orders flags be flown at half staff to honor chattanooga victims
news_politifact12773	real	americans need to stand together hillary clinton's remarks following the orlando shooting
news_E108	real	please help save our dolphin friends
news_politifact1701	real	bill clinton on rush limbaugh his mistakes the supreme court and middle east peace
news_E671	real	reddit in chaos after allegedly firing ama coordinator victoria taylor
news_TM945	real	how to start a small biz social good campaign devils advocate
news_pheme_188	real	raw ottawa shooting parliament hill evacuation
news_pheme_357	real	charlie he b do attack leaves dead after gunmen storm paris offices
news_pheme_202	real	attack on ottawa pm harper cites terrorist motive
news_pheme_244	real	masked gunman killed after canadian soldier c pl nathan ci rill o fatally shot at national war memorial
news_pheme_15	real	paris massacre suspects killed in dramatic hostage raids
news_E739	real	teen murdered after tracking stolen smartphone
news_pheme_159	real	more than a dozen hostages held at gunpoint in a cafe in sydney update five have safely escaped
news_E281	real	marty mcfly returns
news_pheme_58	real	unity rally for paris shootings as it happened
news_E63	real	long island railroad li rr crew and police discovered a terrorist dry run on a train out of penn station
news_pheme_262	real	
news_E85	real	dispose of your ugly children here
news_E545	real	u s hunter to be charged with poaching in death of beloved lion in zimbabwe
news_E34	real	pope takes a self ie with a hindu man
news_pheme_267	real	c pl nathan ci rill o of hamilton identified as soldier gunned down in ottawa attack
news_pheme_317	real	twitter media
news_pheme_252	real	
news_E124	real	outrage obama gave is is minute warning before bombing oil tankers
news_pheme_0	real	
news_E790	real	the charlie charlie challenge twitter kids ditch the ouija board to perform bizarre ritual which summons a mexican demon
news_pheme_103	real	terrorist murdered soldier in cold blood canada's prime minister says
news_OJSimpson	real	o j simpson appeals robbery kidnapping conviction
news_E242	real	johnny depp wants to buy the site of wounded knee massacre and give it back to the native americans
news_E764	real	video women get into fight at beech grove walmart year old boy throws punches
news_pheme_365	real	are you a robot
news_pheme_70	real	
news_pheme_282	real	canada will never be intimidated harper says after shootings in ottawa
news_E782	real	wyoming man gets probation for harassing elk in viral video
news_pheme_215	real	
news_E693	real	thought remixer xtra allen west pedophiles supported by scotus gay
news_E191	real	this painting of ben carson and jesus in ben carson's home is the blackest thing i've ever seen this week
news_pheme_25	real	radical self styled sheik man har on mon is was on bail at time of siege
news_pheme_220	real	sydney siege ends police storm cafe where man har on mon is held hostages
news_pheme_172	real	
news_pheme_210	real	vine
news_E180	real	seaworld employees place orcas in plastic bags of water while cleaning tanks
news_E398	real	jack nicholson on abortion i'm positively against it i never would have gotten to live
news_pheme_290	real	
news_politifact3581	real	hannity says obama won't even use the term war on terrorism
news_pheme_59	real	sydney hostage siege several escape cafe
news_E42	real	judge calls for us marshals and fbi to arrest congress and the president
news_pheme_153	real	german wings plane crash airbus a crashes in remote ski area of southern france feared dead
news_E472	real	pumpkin spice latte m ms are a thing if you were wondering
news_pheme_247	real	sydney cbd siege hostages forced to hold black and white islamic flag
news_pheme_200	real	canada shooting hero identified as sgt at arms kevin vickers
news_E89	real	obama fines abc for broadcasting charlie brown christmas
news_pheme_294	real	vine
