source_espn	news_pheme_278
source_metro.co.uk	news_E202
source_metro.co.uk	news_E485
source_metro.co.uk	news_E246
source_popularmechanics	news_politifact11855
source_econewsmedia.org	news_politifact15004
source_on.mash.to	news_pheme_243
source_on.mash.to	news_pheme_131
source_on.mash.to	news_pheme_184
source_on.mash.to	news_pheme_303
source_on.mash.to	news_pheme_398
source_twitter	news_E331
source_twitter	news_E82
source_twitter	news_E418
source_twitter	news_E697
source_twitter	news_E546
source_twitter	news_E249
source_twitter	news_pheme_209
source_twitter	news_E57
source_twitter	news_E639
source_twitter	news_pheme_256
source_twitter	news_E358
source_twitter	news_E581
source_twitter	news_E532
source_twitter	news_E243
source_twitter	news_E253
source_twitter	news_E144
source_twitter	news_E339
source_twitter	news_E462
source_twitter	news_E719
source_twitter	news_E746
source_twitter	news_E321
source_twitter	news_E413
source_twitter	news_pheme_163
source_twitter	news_E484
source_twitter	news_E654
source_twitter	news_E679
source_twitter	news_E544
source_twitter	news_E401
source_twitter	news_E166
source_twitter	news_E388
source_twitter	news_E529
source_twitter	news_E500
source_twitter	news_E277
source_twitter	news_E578
source_twitter	news_E507
source_twitter	news_E147
source_twitter	news_E133
source_twitter	news_E493
source_twitter	news_SarahJessicaSurrogate
source_twitter	news_E43
source_twitter	news_E711
source_twitter	news_E723
source_twitter	news_politifact7489
source_twitter	news_TM982
source_twitter	news_E75
source_twitter	news_E767
source_twitter	news_pheme_12
source_twitter	news_ClarkRockefeller
source_twitter	news_E357
source_twitter	news_E689
source_twitter	news_E352
source_twitter	news_TM1341
source_twitter	news_E183
source_twitter	news_E149
source_twitter	news_E28
source_twitter	news_TM2407
source_twitter	news_E239
source_twitter	news_E215
source_twitter	news_E664
source_twitter	news_westNile
source_twitter	news_pheme_85
source_twitter	news_E143
source_twitter	news_E784
source_twitter	news_politifact7923
source_twitter	news_TM1348
source_twitter	news_E194
source_twitter	news_TM1019
source_twitter	news_TM1193
source_twitter	news_TM2602
source_twitter	news_TM1414
source_twitter	news_Havard
source_twitter	news_politifact1575
source_twitter	news_TM945
source_twitter	news_E34
source_twitter	news_OJSimpson
source_breakingnews247.net	news_politifact14885
source_theguardian	news_E287
source_theguardian	news_pheme_323
source_theguardian	news_pheme_285
source_theguardian	news_pheme_82
source_theguardian	news_pheme_8
source_theguardian	news_pheme_61
source_theguardian	news_E370
source_theguardian	news_pheme_134
source_theguardian	news_E666
source_theguardian	news_pheme_288
source_theguardian	news_pheme_232
source_theguardian	news_pheme_247
source_realclearpolitics	news_politifact8085
source_motherjones	news_politifact6730
source_motherjones	news_pheme_123
source_triblive	news_politifact10731
source_maga2020.us	news_politifact15626
source_ottawa.ctvnews.ca	news_pheme_287
source_ottawa.ctvnews.ca	news_pheme_128
source_ottawa.ctvnews.ca	news_pheme_3
source_nationalreview	news_E50
source_cnbc	news_pheme_170
source_america.aljazeera	news_politifact8611
source_detroit.cbslocal	news_E420
source_plannedparenthoodaction.org	news_politifact825
source_duffelblog	news_E608
source_theverge	news_politifact13496
source_ow.ly	news_pheme_310
source_ow.ly	news_pheme_20
source_snopes	news_E490
source_snopes	news_E433
source_snopes	news_E700
source_snopes	news_E33
source_snopes	news_E620
source_snopes	news_E647
source_snopes	news_E731
source_snopes	news_E284
source_snopes	news_E435
source_snopes	news_E530
source_snopes	news_E262
source_snopes	news_E528
source_snopes	news_E45
source_snopes	news_E611
source_snopes	news_E412
source_snopes	news_E444
source_snopes	news_E116
source_snopes	news_E722
source_snopes	news_E642
source_snopes	news_E482
source_snopes	news_E720
source_snopes	news_E758
source_snopes	news_E26
source_snopes	news_E52
source_snopes	news_E591
source_snopes	news_E173
source_snopes	news_E40
source_snopes	news_E517
source_snopes	news_E589
source_snopes	news_E377
source_snopes	news_E536
source_snopes	news_E646
source_snopes	news_E32
source_snopes	news_E600
source_snopes	news_E648
source_snopes	news_E281
source_thebiznewz	news_E543
source_express.co.uk	news_E555
source_express.co.uk	news_pheme_116
source_express.co.uk	news_E337
source_ft	news_pheme_169
source_blogs.wsj	news_pheme_295
source_news.yahoo	news_pheme_42
source_news.yahoo	news_pheme_388
source_news.yahoo	news_pheme_108
source_news.yahoo	news_E514
source_news.yahoo	news_politifact2281
source_news.yahoo	news_pheme_391
source_nscdscamps.org	news_politifact14745
source_huff.to	news_pheme_331
source_huff.to	news_pheme_339
source_huff.to	news_pheme_129
source_huff.to	news_pheme_262
source_bluechannel24web.wordpress	news_E649
source_ebay	news_E653
source_ebay	news_E455
source_cheezburger	news_E727
source_mcclatchydc	news_politifact943
source_i100.io	news_pheme_252
source_wereblog	news_E770
source_startrek	news_E237
source_hoax-slayer.net	news_E694
source_hillaryclinton	news_politifact12721
source_obama.trendolizer	news_politifact14879
source_thedailyshow	news_politifact8152
source_ed.gov	news_politifact239
source_au.news.yahoo	news_pheme_333
source_short.ninem.sn	news_pheme_0
source_trendolizer	news_E424
source_trendolizer	news_politifact15108
source_trendolizer	news_politifact15129
source_chicagotribune	news_politifact351
source_chicagotribune	news_E613
source_huzlers	news_E338
source_huzlers	news_E255
source_youtube	news_E324
source_youtube	news_E687
source_youtube	news_E283
source_youtube	news_E569
source_youtube	news_E751
source_youtube	news_pheme_32
source_youtube	news_E241
source_youtube	news_pheme_180
source_youtube	news_E90
source_youtube	news_E708
source_youtube	news_E76
source_youtube	news_E359
source_youtube	news_E218
source_youtube	news_E132
source_youtube	news_pheme_62
source_youtube	news_pheme_89
source_youtube	news_pheme_219
source_youtube	news_E768
source_youtube	news_pheme_352
source_youtube	news_pheme_74
source_youtube	news_politifact1185
source_youtube	news_pheme_332
source_youtube	news_pheme_174
source_youtube	news_E231
source_youtube	news_E106
source_youtube	news_E312
source_youtube	news_pheme_195
source_youtube	news_E421
source_youtube	news_pheme_188
source_pennlive	news_E545
source_nytimes.co	news_E48
source_cnsnews	news_E329
source_cnsnews	news_E398
source_themoscowtimes	news_politifact8989
source_planefinder.net	news_pheme_41
source_cbc.sh	news_pheme_179
source_cbc.sh	news_pheme_83
source_cbc.sh	news_pheme_403
source_cbc.sh	news_pheme_215
source_usamirrornews	news_politifact14832
source_wired	news_pheme_348
source_oneindia	news_E721
source_conservativedailypost	news_politifact15579
source_conservativedailypost	news_politifact15048
source_consumerist	news_E114
source_consumerist	news_E472
source_tmz	news_E429
source_tmz	news_E669
source_tmz	news_E199
source_gov.uk	news_E508
source_globalnews.ca	news_pheme_273
source_huffpost	news_E115
source_huffpost	news_E672
source_go.cnn	news_pheme_166
source_marketwatch	news_E328
source_eonline	news_E540
source_eonline	news_E303
source_channel4	news_pheme_37
source_channel4	news_pheme_14
source_fox59	news_E764
source_powderedwigsociety	news_E96
source_newslo	news_E636
source_aol	news_E732
source_theuspoliticalnews	news_politifact14960
source_localmemphis	news_E632
source_christchurchcincy	news_E61
source_sportsnet.ca	news_pheme_359
source_insider.foxnews	news_E673
source_insider.foxnews	news_E322
source_conservativepost	news_E703
source_pamelageller	news_pheme_136
source_xtra.thoughtremixer	news_E693
source_dw	news_E323
source_dw	news_pheme_53
source_dw	news_pheme_157
source_dw	news_pheme_78
source_gopleader.gov	news_politifact2758
source_geopolitica.ru	news_politifact14722
source_africaresource	news_E110
source_freeinfomedia	news_politifact14737
source_telegraph.co.uk	news_pheme_319
source_telegraph.co.uk	news_TM33
source_telegraph.co.uk	news_E778
source_telegraph.co.uk	news_pheme_207
source_telegraph.co.uk	news_pheme_104
source_telegraph.co.uk	news_pheme_304
source_telegraph.co.uk	news_pheme_21
source_telegraph.co.uk	news_pheme_67
source_telegraph.co.uk	news_E188
source_telegraph.co.uk	news_E559
source_telegraph.co.uk	news_pheme_58
source_bluedotdaily	news_politifact14896
source_jihadwatch.org	news_E67
source_jihadwatch.org	news_E217
source_thrillist	news_E516
source_wgntv	news_E127
source_wgntv	news_E372
source_dcpols	news_E189
source_empirenews.net	news_politifact14884
source_empirenews.net	news_E475
source_empirenews.net	news_E41
source_empirenews.net	news_E432
source_reuters	news_pheme_19
source_reuters	news_pheme_73
source_reuters	news_pheme_144
source_reuters	news_pheme_43
source_reuters	news_pheme_374
source_reuters	news_politifact489
source_reuters	news_pheme_315
source_reuters	news_pheme_185
source_reuters	news_pheme_6
source_reuters	news_pheme_318
source_cyberbullier.tumblr	news_E449
source_forums.jetcareers	news_E30
source_ign	news_E786
source_realfarmacy	news_E300
source_thechive	news_E715
source_fromtheprojectionroom.wordpress	news_E627
source_680news	news_pheme_377
source_stltoday	news_E434
source_businesswire	news_E471
source_teamster.org	news_politifact181
source_nordpresse.be	news_E542
source_facts.hillaryhub	news_politifact339
source_m.dailyhunt.in	news_E677
source_torontosun	news_pheme_231
source_nypost	news_politifact14605
source_nypost	news_E160
source_nypost	news_E584
source_nypost	news_politifact14718
source_nypost	news_E39
source_nypost	news_E791
source_nypost	news_pheme_337
source_nypost	news_E378
source_nypost	news_pheme_345
source_nypost	news_E789
source_sandiegouniontribune	news_E351
source_cnn	news_pheme_269
source_cnn	news_E291
source_cnn	news_E464
source_cnn	news_E634
source_cnn	news_E660
source_cnn	news_pheme_271
source_cnn	news_pheme_71
source_cnn	news_politifact810
source_cnn	news_E364
source_cnn	news_politifact1315
source_cnn	news_politifact368
source_cnn	news_pheme_16
source_cnn	news_pheme_55
source_cnn	news_E645
source_cnn	news_pheme_11
source_cnn	news_politifact304
source_cnn	news_pheme_103
source_hackread	news_E385
source_independent.co.uk	news_E362
source_travellinginfinity	news_E125
source_nationalreport.net	news_E496
source_nationalreport.net	news_E130
source_expertrain	news_E609
source_aviation-safety.net	news_pheme_101
source_thedenverchannel	news_E64
source_papermag	news_E203
source_konbini	news_E355
source_occupydemocrats	news_politifact11773
source_bloomberg	news_pheme_27
source_bloomberg	news_pheme_88
source_bloomberg	news_pheme_9
source_bloomberg	news_pheme_297
source_bloomberg	news_pheme_365
source_vote-smart.org	news_politifact186
source_ind.pn	news_pheme_407
source_ind.pn	news_pheme_228
source_ind.pn	news_pheme_86
source_cbn	news_E587
source_churchandstate.org.uk	news_E702
source_boredpanda	news_E674
source_gothamist	news_E688
source_9news.au	news_pheme_221
source_9news.au	news_pheme_25
source_republicanleader.house.gov	news_politifact1026
source_republicanleader.house.gov	news_politifact1500
source_republicanleader.house.gov	news_politifact1424
source_sciam	news_politifact937
source_variety	news_E457
source_conservativefrontline	news_E568
source_eater	news_E533
source_taxpolicycenter.org	news_politifact13443
source_polls.trendolizer	news_politifact14859
source_newsaline.co.uk	news_E610
source_thepeoplesview.net	news_E404
source_minnesota.cbslocal	news_politifact13193
source_english.alarabiya.net	news_pheme_79
source_azcentral	news_E193
source_helloforos	news_politifact14815
source_thenewsnerd	news_E606
source_berniesanders	news_politifact11627
source_npr.org	news_E437
source_npr.org	news_E89
source_nydn.us	news_pheme_48
source_latimes	news_E452
source_latimes	news_pheme_36
source_thestar.my	news_pheme_4
source_thepeoplescube	news_E667
source_thepeoplescube	news_E592
source_thepeoplescube	news_E567
source_thepeoplescube	news_E31
source_bencarson.trendolizer	news_E340
source_themideastbeast	news_E446
source_news360	news_E402
source_lovethatnews	news_E676
source_thepatriotreport.net	news_politifact14949
source_thepatriotreport.net	news_politifact14954
source_fda.gov	news_politifact15123
source_truthexam	news_politifact14814
source_slate	news_E410
source_slate	news_E556
source_straitstimes	news_pheme_150
source_me.me	news_politifact14890
source_satiratribune	news_E59
source_fox8live	news_E165
source_pandasecurity	news_E734
source_ctvnews.ca	news_E259
source_ctvnews.ca	news_pheme_328
source_ctvnews.ca	news_pheme_133
source_ctvnews.ca	news_pheme_340
source_ctvnews.ca	news_pheme_146
source_ctvnews.ca	news_pheme_268
source_ctvnews.ca	news_pheme_122
source_ctvnews.ca	news_pheme_399
source_ctvnews.ca	news_E766
source_ctvnews.ca	news_pheme_66
source_ctvnews.ca	news_pheme_154
source_ctvnews.ca	news_pheme_208
source_ctvnews.ca	news_pheme_282
source_russia.trendolizer	news_E307
source_adn	news_politifact691
source_zerohedge	news_E212
source_babylonbee	news_politifact15564
source_actions.sumofus.org	news_E113
source_news.bbc.co.uk	news_Cristiano
source_news.artnet	news_pheme_248
source_bbc.co.uk	news_E305
source_bbc.co.uk	news_pheme_22
source_bbc.co.uk	news_pheme_275
source_bbc.co.uk	news_pheme_378
source_bbc.co.uk	news_pheme_376
source_bbc.co.uk	news_pheme_5
source_bbc.co.uk	news_pheme_299
source_bbc.co.uk	news_pheme_301
source_bbc.co.uk	news_pheme_236
source_bbc.co.uk	news_pheme_75
source_bbc.co.uk	news_pheme_192
source_bbc.co.uk	news_pheme_298
source_bbc.co.uk	news_pheme_349
source_bbc.co.uk	news_pheme_227
source_bbc.co.uk	news_pheme_92
source_bbc.co.uk	news_pheme_326
source_thatsfake	news_E582
source_on.rt	news_pheme_355
source_on.rt	news_pheme_270
source_americanproud.info	news_politifact14998
source_genius	news_politifact13475
source_boingboing.net	news_E416
source_patheos	news_E518
source_barenakedislam	news_E502
source_pastemagazine	news_E185
source_opposingviews	news_E759
source_change.org	news_E644
source_eurospaaromatics.blogspot	news_E286
source_usasnich	news_politifact13561
source_dailymail.co.uk	news_E367
source_dailymail.co.uk	news_E301
source_dailymail.co.uk	news_E51
source_dailymail.co.uk	news_E20
source_dailymail.co.uk	news_E574
source_dailymail.co.uk	news_E175
source_dailymail.co.uk	news_E491
source_dailymail.co.uk	news_E319
source_dailymail.co.uk	news_E465
source_dailymail.co.uk	news_pheme_206
source_dailymail.co.uk	news_E91
source_dailymail.co.uk	news_pheme_56
source_dailymail.co.uk	news_E163
source_dailymail.co.uk	news_E477
source_dailymail.co.uk	news_pheme_171
source_dailymail.co.uk	news_pheme_357
source_dailymail.co.uk	news_E242
source_animals.trendolizer	news_E387
source_thescore	news_pheme_325
source_breaking13news	news_E223
source_dailym.ai	news_pheme_99
source_aljazeera	news_pheme_81
source_aljazeera	news_pheme_31
source_aljazeera	news_pheme_334
source_query.nytimes	news_politifact201
source_query.nytimes	news_politifact440
source_query.nytimes	news_politifact245
source_thegatewaypundit	news_politifact14835
source_thegatewaypundit	news_politifact14596
source_thegatewaypundit	news_politifact14827
source_thegatewaypundit	news_politifact14993
source_thegatewaypundit	news_pheme_203
source_verysmartbrothas.theroot	news_E191
source_emsnews.wordpress	news_politifact14564
source_time	news_pheme_335
source_time	news_politifact15190
source_time	news_politifact9802
source_time	news_E754
source_time	news_pheme_246
source_time	news_pheme_402
source_time	news_pheme_44
source_grist.org	news_E554
source_littlegreenfootballs	news_E656
source_newscorpse	news_E564
source_cp24	news_pheme_280
source_cp24	news_pheme_156
source_cp24	news_pheme_120
source_cp24	news_pheme_307
source_cp24	news_pheme_257
source_cp24	news_pheme_168
source_firstwefeast	news_E411
source_fortune	news_E548
source_fortune	news_E397
source_ourvoiceny	news_politifact14888
source_kff.org	news_politifact57
source_halalmedia.jp	news_E152
source_abc.net.au	news_pheme_7
source_abc.net.au	news_E27
source_abc.net.au	news_pheme_186
source_abc.net.au	news_pheme_363
source_abc.net.au	news_E707
source_abc.net.au	news_pheme_153
source_navytimes	news_E615
source_buzzpo	news_E150
source_cbsnews	news_pheme_29
source_cbsnews	news_pheme_109
source_cbsnews	news_E393
source_cbsnews	news_politifact1519
source_space	news_E486
source_bleacherreport	news_E525
source_buzzfeednews	news_E497
source_buzzfeednews	news_pheme_47
source_reviveusa	news_E124
source_fw.to	news_pheme_404
source_vine.co	news_pheme_114
source_vine.co	news_pheme_302
source_vine.co	news_pheme_218
source_vine.co	news_pheme_375
source_vine.co	news_pheme_178
source_vine.co	news_pheme_210
source_vine.co	news_pheme_294
source_nationalpost	news_E395
source_nationalpost	news_pheme_244
source_sunnewsnetwork.ca	news_pheme_385
source_sunnewsnetwork.ca	news_pheme_336
source_billboard	news_pheme_87
source_bttoronto.ca	news_pheme_107
source_iheartradio.ca	news_pheme_379
source_iheartradio.ca	news_pheme_189
source_irs.gov	news_politifact724
source_usmagazine	news_E757
source_news.abs-cbn	news_TM2607
source_theatlantic	news_E696
source_theatlantic	news_E665
source_thehill	news_politifact15164
source_thehill	news_politifact14818
source_thehill	news_politifact7511
source_local10	news_E374
source_pacificpundit	news_E392
source_diamondandsilk.americandailynews.org	news_politifact15570
source_switchboard.nrdc.org	news_politifact1361
source_therightists	news_politifact13501
source_ibtimes	news_E583
source_buzzfeed	news_pheme_112
source_buzzfeed	news_E473
source_buzzfeed	news_E117
source_friendlyatheist.patheos	news_E663
source_houstonchronicle-tv	news_politifact14601
source_dailyfeed.news	news_politifact14643
source_bit.ly	news_pheme_229
source_bit.ly	news_pheme_226
source_bit.ly	news_pheme_321
source_bit.ly	news_pheme_233
source_data.bls.gov	news_politifact2724
source_cbc.ca	news_pheme_255
source_cbc.ca	news_pheme_51
source_cbc.ca	news_pheme_140
source_cbc.ca	news_pheme_401
source_cbc.ca	news_pheme_130
source_cbc.ca	news_pheme_406
source_cbc.ca	news_pheme_308
source_cbc.ca	news_pheme_191
source_cbc.ca	news_pheme_105
source_cbc.ca	news_pheme_40
source_cbc.ca	news_pheme_106
source_cbc.ca	news_pheme_293
source_cbc.ca	news_pheme_389
source_cbc.ca	news_pheme_96
source_cbc.ca	news_pheme_361
source_cbc.ca	news_pheme_380
source_cbc.ca	news_pheme_23
source_cbc.ca	news_pheme_164
source_lolhome	news_E85
source_linkis	news_pheme_224
source_bitly	news_pheme_119
source_gawker	news_E605
source_gawker	news_E671
source_newyorkupstate	news_E271
source_arktimes	news_E752
source_whitehouse.gov	news_politifact8071
source_whitehouse.gov	news_politifact7668
source_whitehouse.gov	news_politifact8172
source_neonnettle	news_politifact15616
source_news.groopspeak	news_politifact14810
source_straightstoned	news_politifact13557
source_mysanantonio	news_E501
source_vulture	news_E171
source_treehugger	news_E570
source_rt	news_E726
source_rt	news_pheme_279
source_rt	news_E201
source_abc13	news_E269
source_nowtrump	news_politifact15141
source_freebeacon	news_E590
source_humanite.fr	news_pheme_291
source_flagpole	news_E363
source_hollywoodlife	news_E572
source_usadailyportal	news_politifact14878
source_legalinsurrection	news_E384
source_speisa	news_pheme_382
source_americanthinker	news_E140
source_healthy-holistic-living	news_E176
source_allianceforschoolchoice.org	news_politifact31
source_tmzbreaking	news_politifact14860
source_thepoke.co.uk	news_pheme_245
source_aviation-business-gazette	news_pheme_392
source_usmessageboard	news_E162
source_usmessageboard	news_E97
source_scoop.it	news_E630
source_journalnow	news_E158
source_standard.co.uk	news_E276
source_standard.co.uk	news_pheme_306
source_breakingnews365.net	news_politifact14742
source_breakingnews365.net	news_politifact14576
source_breakingnews365.net	news_politifact14699
source_blogto	news_pheme_225
source_toronto.ctvnews.ca	news_pheme_160
source_toronto.ctvnews.ca	news_pheme_311
source_toronto.ctvnews.ca	news_pheme_64
source_toronto.ctvnews.ca	news_pheme_237
source_toronto.ctvnews.ca	news_pheme_251
source_toronto.ctvnews.ca	news_pheme_216
source_kpopstarz	news_E196
source_kpopstarz	news_E596
source_unhcr.org	news_politifact13013
source_yahoo	news_E391
source_facebook	news_pheme_26
source_facebook	news_pheme_264
source_facebook	news_E535
source_facebook	news_E190
source_facebook	news_E461
source_facebook	news_E105
source_facebook	news_E123
source_facebook	news_E505
source_facebook	news_E618
source_facebook	news_pheme_38
source_facebook	news_E506
source_facebook	news_pheme_111
source_facebook	news_E151
source_facebook	news_E728
source_facebook	news_E735
source_facebook	news_pheme_283
source_facebook	news_E157
source_facebook	news_E662
source_facebook	news_E612
source_facebook	news_E233
source_facebook	news_E232
source_facebook	news_E65
source_facebook	news_E73
source_facebook	news_E181
source_facebook	news_E214
source_facebook	news_E83
source_facebook	news_E156
source_facebook	news_E154
source_facebook	news_E63
source_pol.moveon.org	news_politifact426
source_americanmilitarynews	news_E552
source_collective-evolution	news_E47
source_tinyurl	news_pheme_370
source_tinyurl	news_pheme_138
source_reddit	news_politifact15037
source_reddit	news_E650
source_reddit	news_pheme_181
source_reddit	news_E760
source_reddit	news_E652
source_amp.twimg	news_pheme_234
source_amp.twimg	news_pheme_253
source_amp.twimg	news_pheme_266
source_amp.twimg	news_pheme_366
source_amp.twimg	news_pheme_317
source_usacarry	news_politifact14644
source_usacarry	news_politifact14856
source_usacarry	news_politifact14694
source_kansascity	news_E177
source_blingnews	news_politifact15599
source_breaking911	news_pheme_338
source_ufosightingshotspot.blogspot	news_E285
source_nytimes	news_pheme_68
source_nytimes	news_E389
source_nytimes	news_pheme_93
source_nytimes	news_E706
source_nytimes	news_pheme_72
source_nytimes	news_politifact7665
source_nytimes	news_E141
source_nytimes	news_E54
source_nytimes	news_politifact4306
source_nytimes	news_pheme_117
source_nytimes	news_politifact939
source_nytimes	news_pheme_259
source_nytimes	news_politifact13352
source_nytimes	news_pheme_17
source_nytimes	news_politifact385
source_nytimes	news_pheme_397
source_nytimes	news_politifact938
source_nytimes	news_pheme_324
source_nytimes	news_politifact951
source_nytimes	news_pheme_329
source_nytimes	news_politifact11115
source_nytimes	news_politifact986
source_newyork.cbslocal	news_E712
source_baltimoresun	news_E736
source_qz	news_E710
source_foxnews	news_politifact15191
source_foxnews	news_politifact15146
source_foxnews	news_E273
source_foxnews	news_E251
source_foxnews	news_pheme_177
source_foxnews	news_pheme_320
source_foxnews	news_politifact1467
source_foxnews	news_pheme_152
source_instagram	news_pheme_137
source_instagram	news_E678
source_instagram	news_pheme_393
source_instagram	news_E478
source_instagram	news_pheme_214
source_instagram	news_pheme_145
source_instagram	news_E783
source_instagram	news_E107
source_theburningplatform	news_politifact14777
source_tennessean	news_E602
source_nourtey	news_politifact14904
source_trib.al	news_pheme_155
source_nbcnews	news_pheme_91
source_nbcnews	news_politifact15159
source_nbcnews	news_E148
source_nbcnews	news_pheme_173
source_nbcnews	news_pheme_33
source_nbcnews	news_pheme_222
source_nbcnews	news_E219
source_nbcnews	news_pheme_371
source_nbcnews	news_E382
source_nbcnews	news_pheme_330
source_nbcnews	news_pheme_238
source_nbcnews	news_pheme_52
source_nbcnews	news_politifact12418
source_nbcnews	news_pheme_95
source_nbcnews	news_pheme_350
source_nbcnews	news_pheme_161
source_nbcnews	news_E451
source_nbcnews	news_pheme_15
source_nbcnews	news_pheme_220
source_actionnews3	news_politifact15095
source_politicono	news_politifact13559
source_politicono	news_politifact13560
source_thebea.st	news_pheme_176
source_realnewsrightnow	news_E445
source_obama.senate.gov	news_politifact785
source_theglobeandmail	news_pheme_147
source_theglobeandmail	news_pheme_394
source_theglobeandmail	news_pheme_198
source_theglobeandmail	news_pheme_97
source_theglobeandmail	news_pheme_327
source_theglobeandmail	news_pheme_202
source_tattoo.redsom	news_E423
source_wapo.st	news_pheme_57
source_wtvr	news_E781
source_msnbc	news_E456
source_acmilan	news_pheme_384
source_abcn.ws	news_pheme_190
source_washingtonpost	news_E594
source_washingtonpost	news_politifact9438
source_washingtonpost	news_politifact1161
source_washingtonpost	news_politifact13310
source_washingtonpost	news_E779
source_washingtonpost	news_politifact13395
source_washingtonpost	news_politifact13229
source_washingtonpost	news_politifact11208
source_washingtonpost	news_politifact12773
source_thevalleyreport	news_E454
source_dailykos	news_E659
source_dailykos	news_E495
source_dailykos	news_E373
source_video.foxnews	news_E403
source_lpnt.fr	news_pheme_381
source_mediamatters.org	news_E167
source_ap.google	news_politifact374
source_themindunleashed	news_E42
source_people	news_E155
source_people	news_E539
source_people	news_E343
source_wmbfnews	news_E683
source_snapusanews	news_politifact14698
source_vice	news_pheme_353
source_vice	news_pheme_313
source_tampabay	news_politifact514
source_intellihub	news_E685
source_ottawapolice.ca	news_pheme_395
source_defense-usa.xyz	news_politifact14876
source_politics2020.info	news_politifact15156
source_clinton.senate.gov	news_politifact134
source_thenation	news_E431
source_defamer.gawker	news_E788
source_abc7ny	news_E523
source_abc7ny	news_E428
source_deadstate.org	news_E131
source_ibtimes.co.in	news_E49
source_pewforum.org	news_politifact12755
source_mostwatchedtoday	news_E599
source_popdust	news_E576
source_on.wsj	news_pheme_367
source_on.wsj	news_pheme_77
source_globalgrind	news_E750
source_the-fringe	news_politifact14771
source_wkrg	news_politifact14754
source_tpnn	news_pheme_372
source_donaldjtrump	news_politifact12556
source_politico	news_politifact15178
source_politico	news_politifact1014
source_politico	news_politifact10185
source_data.unhcr.org	news_politifact8221
source_sowetanlive.co.za	news_E534
source_swissinfo.ch	news_pheme_261
source_swissinfo.ch	news_pheme_354
source_abcnews-us	news_politifact15188
source_thegoldwater	news_politifact15606
source_weaselzippers.us	news_E681
source_nyfoxnews.co	news_politifact15109
source_nofakenews.online	news_politifact14841
source_edition.cnn	news_pheme_277
source_edition.cnn	news_pheme_276
source_edition.cnn	news_E318
source_edition.cnn	news_pheme_240
source_edition.cnn	news_pheme_18
source_edition.cnn	news_pheme_286
source_christianpost	news_E631
source_christianpost	news_E356
source_ncregister	news_E579
source_complex	news_E192
source_complex	news_E88
source_complex	news_E780
source_complex	news_pheme_159
source_toronto.citynews.ca	news_pheme_254
source_toronto.citynews.ca	news_pheme_250
source_toronto.citynews.ca	news_pheme_175
source_newsweek	news_politifact14756
source_newsweek	news_politifact15130
source_newsweek	news_politifact14905
source_cosmopolitan	news_E621
source_cosmopolitan	news_E414
source_dailynewsforamericans	news_politifact14794
source_yournewswire	news_politifact15625
source_yournewswire	news_politifact15631
source_yournewswire	news_politifact14788
source_yournewswire	news_politifact14776
source_yournewswire	news_politifact15049
source_sbnation	news_E765
source_breitbart	news_E488
source_breitbart	news_E60
source_breitbart	news_politifact15031
source_breitbart	news_E762
source_breitbart	news_E453
source_breitbart	news_E206
source_breitbart	news_politifact14664
source_breitbart	news_E235
source_breitbart	news_E704
source_breitbart	news_pheme_342
source_usatoday	news_E360
source_usatoday	news_pheme_148
source_usatoday	news_pheme_45
source_usatoday	news_pheme_296
source_usatoday	news_pheme_98
source_usatoday	news_E670
source_usatoday	news_pheme_314
source_usatoday	news_pheme_70
source_usatoday	news_pheme_290
source_ca.news.yahoo	news_E86
source_techcrunch	news_pheme_60
source_upi	news_E782
source_news.sky	news_pheme_30
source_news.sky	news_pheme_182
source_news.sky	news_pheme_205
source_news.sky	news_pheme_115
source_news.sky	news_pheme_368
source_news.sky	news_pheme_272
source_news.sky	news_pheme_274
source_news.sky	news_pheme_187
source_news.sky	news_pheme_126
source_news.sky	news_pheme_162
source_news.sky	news_pheme_292
source_news.sky	news_pheme_113
source_news.sky	news_pheme_49
source_news.sky	news_pheme_124
source_news.sky	news_pheme_260
source_news.sky	news_pheme_69
source_news.sky	news_pheme_400
source_news.sky	news_pheme_217
source_news.sky	news_pheme_211
source_news.sky	news_pheme_28
source_news.sky	news_pheme_172
source_news.sky	news_pheme_59
source_joestrupp.blogspot	news_E270
source_senate.gov	news_politifact773
source_digitaltrends	news_E104
source_digitaltrends	news_E739
source_cnnworldlive.cnn	news_pheme_212
source_theepochtimes	news_E376
source_apps.apple	news_E698
source_rightwingnews	news_E595
source_abcnews.go	news_E210
source_abcnews.go	news_E74
source_abcnews.go	news_pheme_341
source_abcnews.go	news_pheme_289
source_abcnews.go	news_pheme_135
source_abcnews.go	news_E512
source_abcnews.go	news_pheme_24
source_abcnews.go	news_E368
source_abcnews.go	news_politifact11989
source_abcnews.go	news_pheme_100
source_abcnews.go	news_pheme_34
source_abcnews.go	news_pheme_197
source_abcnews.go	news_pheme_167
source_abcnews.go	news_pheme_151
source_abcnews.go	news_pheme_139
source_abcnews.go	news_politifact1701
source_abcnews.go	news_pheme_200
source_fxn.ws	news_pheme_142
source_itv	news_pheme_281
source_itv	news_pheme_347
source_kdvr	news_E792
source_jpupdates	news_pheme_54
source_inquirer	news_E458
source_worldnewsdailyreport	news_politifact14839
source_twitchy	news_pheme_80
source_newsone	news_E794
source_weeklyworldnews	news_E234
source_inquisitr	news_E763
source_al	news_E24
source_usnewse	news_pheme_110
source_bls.gov	news_politifact7376
source_soutwest-air	news_politifact14785
source_smh.au	news_pheme_387
source_smh.au	news_pheme_305
source_smh.au	news_pheme_65
source_tumblr	news_E383
source_tumblr	news_E118
source_tumblr	news_E244
source_trainnews.info	news_politifact14992
source_worldfactsftw	news_politifact15604
source_nst.my	news_pheme_263
source_wwwnews.live.bbc.co.uk	news_pheme_132
source_wwwnews.live.bbc.co.uk	news_pheme_121
source_activistmommy	news_politifact14750
source_vox	news_E92
source_vox	news_politifact14693
source_vox	news_E278
source_vox	news_E692
source_ew	news_E682
source_nydailynews	news_E425
source_occuworld.org	news_E204
source_occuworld.org	news_E405
source_sotu.blogs.cnn	news_politifact10332
source_nytiwes	news_politifact15562
source_mashable	news_pheme_76
source_mashable	news_pheme_351
source_mashable	news_E547
source_mashable	news_pheme_10
source_mashable	news_E513
source_politicalgarbagechute	news_E178
source_apne.ws	news_pheme_265
source_theonion	news_E489
source_theonion	news_E180
source_denverpost	news_E524
source_denverpost	news_E772
source_denverpost	news_TM1582
source_aspirantsg	news_E200
source_theartnewspaper	news_pheme_183
source_puppetstringnews	news_politifact14811
source_thehollywoodgossip	news_E640
source_pbs.org	news_politifact7259
source_pbs.org	news_politifact910
source_pbs.org	news_politifact7258
source_bbc	news_politifact13468
source_bbc	news_pheme_84
source_ibtimes.co.uk	news_E222
source_pegida.trendolizer	news_politifact14863
source_imgur	news_E336
source_imgur	news_E108
source_businessinsider	news_pheme_346
source_businessinsider	news_pheme_239
source_businessinsider	news_E198
source_businessinsider	news_politifact10903
source_businessinsider	news_E316
source_rare.us	news_politifact13477
source_ynetnews	news_pheme_35
source_afp.google	news_politifact834
source_barackobama	news_politifact323
source_my.barackobama	news_politifact720
source_universalfreepress	news_pheme_165
source_libertyheadlines	news_politifact15135
source_rollingstone	news_politifact15137
source_nobelprize.org	news_politifact4028
source_now8news	news_E380
source_now8news	news_E562
source_now8news	news_E184
source_now8news	news_E263
source_now8news	news_E293
source_now8news	news_E29
source_now8news	news_E326
source_now8news	news_E494
source_now8news	news_E79
source_now8news	news_E121
source_thinkprogress.org	news_E350
source_chicago.eater	news_E774
source_sickchirpse	news_E561
source_conservativetribune	news_E55
source_online.wsj	news_pheme_364
source_politifact	news_politifact13283
source_politifact	news_politifact13132
source_politifact	news_politifact13052
source_politifact	news_politifact4275
source_politifact	news_politifact12801
source_politifact	news_politifact4588
source_politifact	news_politifact3581
source_thepoliticalinsider	news_E19
source_mlive	news_E480
source_mirror.co.uk	news_pheme_201
source_mirror.co.uk	news_E161
source_mirror.co.uk	news_pheme_309
source_mirror.co.uk	news_E790
source_gunrights.trendolizer	news_politifact14620
source_patrioticviralnews	news_politifact15147
source_jewsnews.co.il	news_E99
source_ssa.gov	news_politifact3428
source_alexander.senate.gov	news_politifact1714
source_bc.ctvnews.ca	news_pheme_358
source_alamy	news_E70
source_nbcnewyork	news_E460
source_thestar	news_pheme_50
source_thestar	news_pheme_1
source_thestar	news_pheme_127
source_thestar	news_pheme_258
source_thestar	news_pheme_267
